id,agbd
33,
103,
173,
243,
313,
383,22.17742443381919
453,
523,
593,
663,
733,14.406257965842467
803,19.2020202020202
873,12.478260869565217
943,28.452247191011235
1013,21.75206611570248
1083,12.0
1153,13.0
1223,17.54061851317595
1293,13.354999302393425
1363,13.0
1433,13.273148148148149
1503,22.225775555970845
1573,14.638297872340425
1643,10.0
1713,13.0
1783,
1853,
1923,
1993,34.43636363636364
2063,
2133,
2203,
2273,
2343,
2413,
2483,
2553,
2623,
2693,45.0
2763,29.0
2833,
2903,
2973,
3043,
3113,
3183,
3253,
29,
99,38.33738022188695
169,14.488028736495624
239,38.71637094198059
309,41.38473952814217
379,46.52840909090909
449,10.498613110494714
519,25.501960784313727
589,51.252230593833644
659,21.438620898995776
729,21.28773100616016
799,
869,
939,
1009,
1079,
1149,
1219,
1289,
1359,
1429,
1499,
1569,
1639,
1709,
1779,38.0
1849,36.48180418888462
1919,33.170890584072424
1989,40.43846698005568
2059,66.28205128205128
2129,
2199,
2269,
2339,
2409,
2479,38.46218487394958
2549,45.37372434462612
2619,51.263440860215056
2689,37.35846943323771
2759,14.511470477623169
2829,30.463636363636365
2899,
2969,57.38405797101449
3039,41.45841101655807
3109,51.371083175272396
3179,41.53308060224843
3249,25.429003021148038
25,
95,57.421933085501855
165,53.39622641509434
235,19.009835549853193
305,22.11519222670734
375,37.39384809293894
445,32.0
515,9.791285145913841
585,13.408496732026144
655,40.508038585209
725,43.26507138134973
795,52.532786885245905
865,
935,
1005,67.72388059701493
1075,33.36704119850187
1145,46.463157894736845
1215,
1285,
1355,
1425,
1495,38.47417840375587
1565,54.895393626601475
1635,
1705,
1775,
1845,
1915,
1985,
2055,
2125,41.401785714285715
2195,
2265,13.0
2335,
2405,56.5
2475,59.36891307717478
2545,107.66514806378132
2615,30.530104081783836
2685,68.0
2755,49.0
2825,31.0
2895,20.0
2965,73.48334655035686
3035,38.61853685368537
3105,43.175349428208385
3175,55.12979534288893
3245,22.97025740239718
21,
91,67.22793050745807
161,51.27576902556567
231,43.01716189508641
301,33.419642857142854
371,14.439024390243903
441,32.493028250894206
511,22.556241715869383
581,53.52236135957066
651,18.771061802558584
721,27.601521362688622
791,20.43851467544959
861,28.20616883116883
931,49.51123085238575
1001,84.55999789573359
1071,57.0
1141,
1211,
1281,
1351,
1421,
1491,44.0
1561,83.41815476190476
1631,
1701,
1771,38.0
1841,49.43718564405672
1911,54.57951620696795
1981,34.94411172181225
2051,36.6
2121,69.37974683544304
2191,
2261,
2331,
2401,56.4
2471,22.30124368695107
2541,19.115412854960013
2611,21.41036717062635
2681,115.65168657987931
2751,169.53776026233658
2821,133.25714285714287
2891,38.57709251101321
2961,28.548076923076923
3031,26.625806451612902
3101,
3171,
3241,
17,
87,
157,89.44117647058823
227,64.42599398596725
297,99.18
367,56.523809523809526
437,
507,
577,
647,
717,75.39199852112745
787,91.5142118863049
857,46.46808510638298
927,54.46067415730337
997,99.69318181818181
1067,53.476965293344676
1137,38.30743848280004
1207,51.349273838096025
1277,49.4026006265559
1347,75.48012888948524
1417,83.5645438898451
1487,
1557,
1627,99.23626358199735
1697,51.36049846768596
1767,78.36363636363636
1837,43.23126474041288
1907,46.65
1977,
2047,30.5
2117,10.006447423638788
2187,36.95134811738068
2257,45.33163511556819
2327,139.62878787878788
2397,99.30150753768844
2467,84.66666666666667
2537,44.45283018867924
2607,42.540917717985934
2677,34.58974358974359
2747,38.455089820359284
2817,43.1084816289761
2887,35.056581816820426
2957,53.486666666666665
3027,45.0
3097,38.520369393139845
3167,
3237,
13,
83,
153,
223,
293,
363,
433,
503,
573,
643,
713,92.41666666666667
783,68.60655737704919
853,82.51136363636364
923,91.3514306676449
993,109.44285714285714
1063,66.53703703703704
1133,85.50331125827815
1203,56.6
1273,125.6029411764706
1343,55.02995886654479
1413,71.2556795049263
1483,106.65
1553,54.74421094900281
1623,121.48648648648648
1693,91.92405063291139
1763,41.40268456375839
1833,38.509161576901725
1903,66.41763233521831
1973,151.42561983471074
2043,155.29032258064515
2113,113.78787878787878
2183,93.47222222222223
2253,61.358333333333334
2323,67.22522522522523
2393,40.0
2463,52.0
2533,36.4
2603,33.0
2673,137.64285714285714
2743,147.0
2813,103.74438887281444
2883,81.16666666666667
2953,173.46089362058848
3023,38.526315789473685
3093,32.44205069512236
3163,21.18918918918919
3233,14.0
9,
79,
149,
219,
289,
359,
429,44.523809523809526
499,81.4407894736842
569,72.41909347788479
639,66.58370924088156
709,46.51006711409396
779,87.43966712898752
849,68.47872340425532
919,115.97060389187911
989,68.33333333333333
1059,74.68354430379746
1129,73.39583333333333
1199,87.83525255168804
1269,101.26666666666667
1339,163.49685534591194
1409,117.42857142857143
1479,177.67543859649123
1549,115.93684210526315
1619,139.42
1689,155.7515705999759
1759,151.21945380234962
1829,135.45090095465395
1899,123.41722111811977
1969,151.570978745736
2039,151.1941638608305
2109,123.5373665480427
2179,48.50704225352113
2249,53.47450172244095
2319,60.50476694915255
2389,83.14492753623189
2459,46.42622950819672
2529,44.45945945945946
2599,48.36734693877551
2669,36.54545454545455
2739,82.30434782608695
2809,155.5185786298022
2879,131.77140809745612
2949,43.2552299501111
3019,34.82997548184649
3089,37.0
3159,29.0
3229,32.525
5,
75,
145,
215,
285,45.0
355,43.0
425,
495,
565,
635,44.48987757061695
705,38.0
775,
845,73.44680851063829
915,70.93956062689654
985,83.49402390438247
1055,86.773601455396
1125,70.829359907224
1195,122.47826086956522
1265,125.35227272727273
1335,147.5095238095238
1405,107.73762376237623
1475,67.70101751064837
1545,179.52482269503545
1615,75.35398230088495
1685,183.69065739331384
1755,171.66239316239316
1825,155.48289451692077
1895,135.5208801022997
1965,87.58571428571429
2035,105.44805194805195
2105,139.71678321678323
2175,99.54762320866831
2245,73.3910485021398
2315,75.64855193632533
2385,123.19736842105263
2455,89.52631578947368
2525,58.51923076923077
2595,103.64583333333333
2665,58.375
2735,73.46296296296296
2805,48.5
2875,51.3739837398374
2945,52.38095238095238
3015,54.418005071851226
3085,48.44642857142857
3155,54.51086956521739
3225,52.38028169014085
1,43.11628574378536
71,37.685307589247415
141,40.0
211,
281,
351,38.53333333333333
421,51.35957381224292
491,75.406692138912
561,75.44881889763779
631,54.55296772579274
701,51.21184076839096
771,54.68228405987741
841,51.283880034888625
911,
981,
1051,
1121,38.12719397852253
1191,78.61552490561898
1261,107.58021943933049
1331,115.5411633820725
1401,76.46728971962617
1471,70.52380952380952
1541,123.45128301611965
1611,87.1898863550255
1681,75.4176812430967
1751,62.498338870431894
1821,147.51897291349871
1891,155.4934160328175
1961,139.50136588063356
2031,123.51885000118627
2101,133.6130041591941
2171,115.58473167437269
2241,93.5703125
2311,109.59910913140311
2381,101.52725393034116
2451,87.36367672159756
2521,129.5233179237826
2591,118.53953488372093
2661,129.42120343839542
2731,131.60242428541946
2801,113.53086419753086
2871,99.43875145958569
2941,99.58444588807721
3011,59.2940862062985
3081,100.45640922169977
3151,126.49025974025975
3221,110.5
67,
137,
207,
277,
347,37.341789833323894
417,
487,
557,
627,
697,
767,25.666666666666668
837,13.31842105263158
907,18.561576354679804
977,24.459546925566343
1047,18.538834951456312
1117,16.378205128205128
1187,17.391631075309512
1257,12.501707144237582
1327,9.935032894736842
1397,10.76233026330134
1467,18.0
1537,14.458986886088969
1607,13.4281519269516
1677,11.0
1747,
1817,
1887,
1957,34.59090909090909
2027,
2097,
2167,
2237,
2307,
2377,
2447,
2517,
2587,
2657,42.0
2727,
2797,
2867,
2937,10.0
3007,37.0
3077,46.49295774647887
3147,
3217,33.32258064516129
63,
133,43.14841164386618
203,10.834961341159373
273,51.3539884234093
343,42.487883836142615
413,51.282941995735065
483,43.23726923009363
553,19.04273818579323
623,35.265934332100905
693,35.29716534928091
763,14.0
833,
903,
973,
1043,
1113,
1183,
1253,
1323,
1393,
1463,
1533,
1603,
1673,
1743,
1813,30.529411764705884
1883,33.2027300842487
1953,43.255700452912706
2023,59.536223213314486
2093,75.53239436619718
2163,
2233,
2303,
2373,
2443,15.5
2513,34.47727272727273
2583,54.94411184996596
2653,45.425612371967475
2723,35.17225435285523
2793,40.490566037735846
2863,
2933,27.0
3003,37.45040662213186
3073,43.370946357182724
3143,43.39235598583272
3213,22.799658981191243
59,
129,54.69244099647976
199,43.259353040569124
269,38.19789581998971
339,37.912287410302525
409,38.475005733543846
479,12.529777854611464
549,10.21745189269043
619,33.49000203201944
689,45.43717728055078
759,49.42819007706991
829,43.150442477876105
899,
969,
1039,51.12162806720017
1109,44.61538461538461
1179,
1249,
1319,
1389,
1459,
1529,38.16810836496283
1599,59.463949680303585
1669,
1739,
1809,
1879,
1949,
2019,60.0
2089,67.36816814307203
2159,46.45283018867924
2229,
2299,14.437246963562753
2369,74.0
2439,28.45196539614396
2509,115.69021626189718
2579,35.002605067201515
2649,49.48453608247423
2719,52.55102040816327
2789,81.18686224489797
2859,29.0
2929,44.53703703703704
2999,67.44843707684194
3069,38.746300785065664
3139,57.4416
3209,55.215644820295985
55,
125,71.45931307793923
195,51.473517701108
265,37.83394118987919
335,30.605664891156376
405,10.619994463432034
475,34.678888119154834
545,57.64462177641296
615,55.34481086323957
685,22.659682828610254
755,19.201039774881753
825,37.42734538928161
895,59.34801513788854
965,83.48551577516098
1035,65.40345816041511
1105,
1175,
1245,
1315,
1385,
1455,
1525,83.55459794385641
1595,70.0
1665,
1735,
1805,48.48645028614722
1875,51.1468253968254
1945,22.560144202638686
2015,36.0
2085,65.4776119402985
2155,
2225,
2295,
2365,40.4390243902439
2435,51.345
2505,28.592105263157894
2575,28.32853717026379
2645,45.401869158878505
2715,139.70092246870195
2785,139.88513513513513
2855,36.48039215686274
2925,21.0
2995,26.470355731225297
3065,108.5
3135,
3205,
51,
121,
191,76.5
261,
331,
401,
471,
541,
611,
681,119.97671475136971
751,67.2697473532665
821,91.61739058376573
891,58.92783505154639
961,51.34606741573034
1031,65.41509433962264
1101,75.49816548556038
1171,48.51490514905149
1241,51.37585604649646
1311,67.42315125540776
1381,93.51494252873563
1451,71.2287800932534
1521,
1591,105.47583903917386
1661,77.3972602739726
1731,91.35153445033339
1801,43.24102335183997
1871,32.0
1941,
2011,37.38607594936709
2081,23.526563978756208
2151,41.06631752805762
2221,115.45535714285714
2291,173.5765306122449
2361,168.53333333333333
2431,94.5
2501,69.70967741935483
2571,42.294117647058826
2641,37.51640250645042
2711,76.51724137931035
2781,48.654545454545456
2851,43.08888349009127
2921,46.34848484848485
2991,46.44615384615385
3061,30.555555555555557
3131,25.0
3201,
47,
117,
187,
257,
327,
397,
467,
537,
607,
677,75.0
747,58.6
817,58.49193548387097
887,83.35494964934364
957,117.36842105263158
1027,113.35714285714286
1097,133.54980802253564
1167,93.44878048780488
1237,106.44444444444444
1307,87.4103448275862
1377,59.3175
1447,43.44173028806056
1517,107.68656716417911
1587,99.71428571428571
1657,103.39088397790056
1727,137.57799117570724
1797,51.17482517482517
1867,41.49611482377184
1937,137.55102040816325
2007,155.61481481481482
2077,121.52941176470588
2147,91.6969696969697
2217,58.46666666666667
2287,57.28800578906109
2357,42.52542372881356
2427,44.6
2497,45.51020408163265
2567,157.625
2637,113.0
2707,29.076923076923077
2777,185.8
2847,23.7682119205298
2917,167.5237876802097
2987,42.42898272552783
3057,34.82659257772991
3127,21.369565217391305
3197,15.0
43,
113,
183,
253,
323,
393,41.0
463,65.41213389121339
533,91.53234992789547
603,89.52612465154343
673,51.502760589834665
743,51.14121961210119
813,107.6624203821656
883,86.6923076923077
953,84.54545454545455
1023,88.45454545454545
1093,72.65957446808511
1163,97.4494382022472
1233,99.24183745583039
1303,134.94117647058823
1373,177.45205479452054
1443,187.43361188486534
1513,163.26530612244898
1583,123.38323353293413
1653,123.61085972850678
1723,131.35862068965517
1793,136.02212011113485
1863,151.1438127090301
1933,103.58041575492341
2003,139.53731343283582
2073,151.76241134751774
2143,59.53107344632768
2213,61.384
2283,44.56
2353,58.452796685409886
2423,113.46774193548387
2493,59.314655172413794
2563,46.52845528455285
2633,52.36585365853659
2703,107.71604938271605
2773,231.52092050209205
2843,213.52380952380952
2913,40.5632183908046
2983,36.52499107951582
3053,34.83946322900776
3123,42.506024096385545
3193,44.0
39,
109,
179,
249,
319,44.76923076923077
389,53.52307692307692
459,
529,
599,
669,
739,
809,42.0
879,75.41958041958041
949,86.83233672958076
1019,75.32824580781202
1089,54.84507707338255
1159,135.8805225833365
1229,119.81375603971387
1299,155.0721649484536
1369,123.44368600682594
1439,114.97619047619048
1509,155.1315789473684
1579,123.45454545454545
1649,145.1625
1719,167.5107398568019
1789,167.71587609093262
1859,155.57565789473685
1929,107.56711409395973
1999,103.3455497382199
2069,115.51054852320675
2139,123.29675319831412
2209,72.4888888888889
2279,99.3609022556391
2349,77.43131188118812
2419,57.423529411764704
2489,74.47727272727273
2559,88.48484848484848
2629,101.44444444444444
2699,68.66666666666667
2769,72.33333333333333
2839,86.54545454545455
2909,67.70142180094787
2979,61.75714285714286
3049,48.42616802400343
3119,68.53846153846153
3189,62.48598130841121
32,
102,
172,
242,
312,36.0
382,51.318914588353294
452,
522,
592,
662,
732,
802,
872,12.49879626843214
942,16.44558034907309
1012,22.522633744855966
1082,22.448464619492658
1152,21.502436451851068
1222,19.64903846153846
1292,13.290050590219224
1362,9.832434794005854
1432,16.484304932735427
1502,22.417241379310344
1572,16.0
1642,13.317220543806647
1712,
1782,
1852,
1922,
1992,
2062,
2132,
2202,
2272,
2342,
2412,
2482,
2552,
2622,19.549295774647888
2692,41.331428571428575
2762,
2832,
2902,12.5
2972,11.0
3042,38.115233718193025
3112,44.53835327234342
3182,45.45109856214113
3252,91.58137939794234
28,
98,40.494291313423936
168,23.505716687500815
238,35.242310371267855
308,43.22423341654522
378,34.48420257717558
448,40.460647711773255
518,35.27548819810444
588,55.14752225013475
658,38.774857881378956
728,22.285826391914814
798,25.0
868,
938,
1008,
1078,
1148,
1218,
1288,
1358,
1428,
1498,
1568,
1638,
1708,
1778,
1848,30.575
1918,32.391304347826086
1988,49.80405159516396
2058,83.43725490196078
2128,77.58636363636364
2198,
2268,
2338,
2408,
2478,43.036083267726056
2548,37.134400117543976
2618,49.488188976377955
2688,34.94058232156789
2758,37.38638747900332
2828,
2898,33.64262137989778
2968,33.509803921568626
3038,41.486042422567344
3108,35.3613204386852
3178,22.523089725222402
3248,22.227161700048853
24,
94,51.36788137335527
164,51.327250024013054
234,43.232955846189064
304,43.10771773217608
374,38.065860454870865
444,41.398589296888886
514,17.17531305903399
584,21.346666666666668
654,67.39233914245504
724,37.94258509484234
794,51.260602083856014
864,
934,
1004,
1074,
1144,43.0
1214,
1284,
1354,
1424,
1494,46.52427184466019
1564,51.316276834624155
1634,
1704,
1774,
1844,
1914,
1984,
2054,51.0
2124,37.48662007925692
2194,35.0
2264,17.327816429713494
2334,
2404,38.01290305774682
2474,43.142168674698794
2544,32.472770017107294
2614,67.50748093799453
2684,33.36587310022319
2754,56.53949039194108
2824,
2894,34.45238095238095
2964,41.53522139779063
3034,36.482142857142854
3104,35.202312138728324
3174,37.37097001419639
3244,43.31351373781699
20,
90,97.33634818501882
160,71.15095891944785
230,59.42273000601323
300,38.05521011621289
370,30.36842105263158
440,35.03517250751695
510,33.38037435932173
580,75.80285714285715
650,35.42842584601825
720,38.77068949349623
790,51.356508039447704
860,54.88345896695965
930,83.59728108132221
1000,91.49577440323885
1070,45.0
1140,
1210,
1280,
1350,
1420,
1490,57.58620689655172
1560,75.5331621490915
1630,86.5
1700,45.5
1770,42.423529411764704
1840,51.25496703218088
1910,38.14837680158896
1980,43.12765957446808
2050,
2120,
2190,
2260,
2330,32.51724137931034
2400,43.35143059635807
2470,32.49114177928465
2540,52.46913580246913
2610,71.3336939976893
2680,107.58935826901767
2750,105.45
2820,34.457142857142856
2890,35.0
2960,36.0
3030,131.57971014492753
3100,
3170,
3240,
16,
86,
156,
226,
296,
366,
436,
506,
576,
646,
716,87.35219939703413
786,91.4266520739849
856,61.4
926,54.53658536585366
996,52.51648351648352
1066,67.5814165460297
1136,81.54171074633996
1206,59.395694775666186
1276,61.45984401688744
1346,67.42141493413668
1416,59.15803264756914
1486,93.60240963855422
1556,96.45454545454545
1626,99.58285124802784
1696,69.43850267379679
1766,45.494949494949495
1836,
1906,
1976,37.49122807017544
2046,28.103379261603504
2116,29.888133950938222
2186,99.56756756756756
2256,139.13675363333917
2326,211.61872087476607
2396,60.2
2466,72.42857142857143
2536,45.303030303030305
2606,38.44230769230769
2676,44.50877192982456
2746,40.440361786319954
2816,46.577777777777776
2886,48.57240388070428
2956,49.583333333333336
3026,57.34615384615385
3096,20.3
3166,
3236,
12,
82,
152,
222,
292,
362,
432,
502,
572,
642,58.0
712,40.627906976744185
782,51.288990825688074
852,59.195
922,92.42857142857143
992,56.450980392156865
1062,60.54545454545455
1132,73.4494382022472
1202,67.47147147147147
1272,137.55198113925013
1342,71.59219091866778
1412,54.94236439006007
1482,34.973536999667935
1552,55.05707762557078
1622,83.41785714285714
1692,135.12935714970558
1762,115.76668159735381
1832,99.33382323468501
1902,135.52565018969594
1972,167.57738859343482
2042,155.7596350580999
2112,86.42307692307692
2182,62.483870967741936
2252,50.343403510346995
2322,65.41350527186273
2392,52.431372549019606
2462,46.51724137931034
2532,44.5
2602,125.97674418604652
2672,119.67857142857143
2742,15.354947242557035
2812,64.5
2882,139.41666666666666
2952,37.51732673267327
3022,38.4159386068477
3092,37.3731884057971
3162,29.694915254237287
3232,24.4
8,
78,
148,
218,
288,
358,
428,53.47410358565737
498,61.54206206172007
568,65.59375
638,70.81628259191066
708,75.32558139534883
778,61.56987687240216
848,59.3717277486911
918,75.33357682006331
988,78.5111111111111
1058,88.56410256410257
1128,71.35578509226224
1198,91.51953125
1268,104.5
1338,151.80220379663976
1408,73.57575757575758
1478,231.7140182088203
1548,139.83333333333334
1618,139.9284200861643
1688,123.37037037037037
1758,119.62264669183139
1828,139.38793103448276
1898,115.75182481751825
1968,115.3588027374596
2038,123.355
2108,101.646604632746
2178,105.41758241758242
2248,54.488173902303465
2318,68.61538461538461
2388,61.351851851851855
2458,129.75675675675674
2528,123.37931034482759
2598,51.1007633942577
2668,103.27896995708154
2738,187.61032863849766
2808,163.91875645151498
2878,42.578947368421055
2948,44.50353525702275
3018,38.50413223140496
3088,42.52542372881356
3158,52.56716417910448
3228,44.59930730218941
4,
74,
144,
214,
284,
354,37.68139328228594
424,61.57898117633917
494,37.51365574355997
564,
634,
704,
774,
844,
914,71.01490705812844
984,67.32876712328768
1054,65.32307692307693
1124,81.49514563106796
1194,89.21170577379382
1264,135.64501510574019
1334,155.6551724137931
1404,107.5652604817512
1474,107.6927374301676
1544,147.52542372881356
1614,139.28191489361703
1684,139.43103448275863
1754,135.55022809530988
1824,155.54515803764062
1894,115.61996569088593
1964,99.7429718875502
2034,88.48529411764706
2104,139.80212853671236
2174,137.47232472324723
2244,67.28571428571429
2314,112.43589743589743
2384,91.60998845265588
2454,60.5
2524,133.6793893129771
2594,139.6373765935014
2664,179.6197336708452
2734,66.51428571428572
2804,142.47368421052633
2874,85.6930693069307
2944,147.51149425287358
3014,60.325
3084,44.459016393442624
3154,78.44117647058823
3224,109.53
70,
140,
210,
280,16.636363636363637
350,14.0
420,19.35047811832012
490,22.48227545252643
560,12.0
630,13.26938287022583
700,14.369314305208098
770,21.0
840,13.0
910,14.0
980,14.5
1050,22.0
1120,39.0
1190,
1260,29.0
1330,29.5
1400,10.5
1470,20.0
1540,19.5
1610,16.0
1680,10.0
1750,
1820,
1890,
1960,
2030,
2100,
2170,
2240,
2310,
2380,
2450,
2520,
2590,
2660,
2730,
2800,
2870,
2940,
3010,
3080,
3150,
3220,
66,
136,
206,
276,
346,34.895621700884206
416,65.4601485884101
486,41.307065217391305
556,18.0
626,
696,
766,
836,
906,10.676699306337023
976,41.478408142560255
1046,32.6025641025641
1116,35.279587342065604
1186,35.319012583684135
1256,38.787111237981186
1326,22.658134412040482
1396,22.573813027727546
1466,27.06916788679861
1536,16.51685393258427
1606,14.466375914462578
1676,10.655254887232909
1746,
1816,
1886,
1956,
2026,32.0
2096,
2166,
2236,
2306,
2376,
2446,
2516,
2586,49.68421052631579
2656,38.43801652892562
2726,
2796,14.0
2866,16.0
2936,13.294871794871796
3006,18.65934065934066
3076,45.47588424437299
3146,65.61904761904762
3216,38.71589396085638
62,48.0
132,43.13315500596996
202,22.038494567211643
272,45.38696218047059
342,12.485915492957746
412,14.451674862857056
482,40.499227502135724
552,31.0
622,54.973692517668994
692,19.23240390608768
762,35.28066882180207
832,46.42857142857143
902,
972,
1042,
1112,
1182,
1252,
1322,
1392,
1462,
1532,
1602,
1672,
1742,
1812,
1882,45.0
1952,41.0
2022,59.62068965517241
2092,57.42967075248722
2162,61.38
2232,
2302,
2372,
2442,
2512,43.21422558082935
2582,75.49088180084894
2652,45.42531158357771
2722,42.504885993485345
2792,48.0
2862,14.0
2932,43.180489749210864
3002,41.45251369758617
3072,43.269082272854284
3142,21.374132146422376
3212,17.417612886189595
58,
128,67.41483264117136
198,43.214677421210695
268,33.46056877156302
338,38.22709104704098
408,38.405063555778554
478,44.502164502164504
548,17.431718061674008
618,49.469642815966054
688,55.22744730010252
758,45.41421283451177
828,43.14602052463006
898,
968,
1038,
1108,
1178,
1248,
1318,
1388,
1458,36.7
1528,44.46663165934696
1598,42.98273867215895
1668,
1738,
1808,
1878,
1948,50.22727272727273
2018,45.42953020134228
2088,34.89174929500591
2158,37.246643614117126
2228,17.415533980582524
2298,9.996141570037574
2368,37.76982554458695
2438,38.33265747135282
2508,38.037562117179256
2578,35.113085470778714
2648,34.0
2718,49.40978582399454
2788,37.320754716981135
2858,53.58064516129032
2928,29.274590163934427
2998,32.554794520547944
3068,38.45348837209303
3138,41.51171875
3208,38.401414087513345
54,50.0
124,67.40168957677145
194,67.62043795620438
264,54.941867039143304
334,42.33050496948124
404,62.59466619569057
474,24.984337800458704
544,49.44703849891425
614,35.0197376081978
684,34.456552504953294
754,65.49771173113282
824,83.66448182378788
894,83.59232919569531
964,67.43922389860667
1034,57.416666666666664
1104,
1174,
1244,
1314,
1384,
1454,
1524,57.45398773006135
1594,46.0
1664,
1734,43.134001892147595
1804,51.23625930571619
1874,38.30357142857143
1944,34.86190121084425
2014,
2084,
2154,
2224,65.0
2294,45.58273381294964
2364,28.37483444825928
2434,38.1791972866026
2504,44.41525423728814
2574,48.494623655913976
2644,37.191489361702125
2714,121.48333333333333
2784,40.46376811594203
2854,58.375
2924,34.40952380952381
2994,36.0
3064,17.0
3134,
3204,
50,
120,
190,
260,
330,
400,
470,
540,
610,
680,126.33333333333333
750,83.61065946339055
820,67.33565935139734
890,94.53398058252426
960,69.33684210526316
1030,83.46060606060605
1100,91.40900066181337
1170,52.492258512572256
1240,78.75613856432774
1310,77.5135927587017
1380,43.40983351485919
1450,81.82456140350877
1520,97.59171597633136
1590,117.48406549100726
1660,51.55594405594405
1730,43.20895371455425
1800,70.41176470588235
1870,
1940,35.0
2010,33.305259539360605
2080,37.51633986928105
2150,157.56701030927834
2220,151.91458427987277
2290,142.54545454545453
2360,48.36363636363637
2430,50.8
2500,40.48544908300076
2570,145.60785619174433
2640,42.529411764705884
2710,40.5609756097561
2780,45.44140625
2850,53.0
2920,72.55525606469003
2990,39.0
3060,57.23809523809524
3130,22.377777777777776
3200,
46,
116,
186,
256,
326,
396,
466,
536,
606,52.0
676,48.45673076923077
746,42.950385331935216
816,85.45098039215686
886,76.67857142857143
956,48.509433962264154
1026,50.51724137931034
1096,78.41379310344827
1166,86.94623655913979
1236,87.51483193432682
1306,123.46437994722955
1376,91.33132530120481
1446,54.89592380074925
1516,55.314018691588785
1586,38.439879070121854
1656,83.68308702791461
1726,135.33973124847302
1796,135.7150477321989
1866,163.3582089552239
1936,163.64835164835165
2006,187.69756086272332
2076,121.4927536231884
2146,85.33734939759036
2216,60.45744680851064
2286,46.46774193548387
2356,51.15988372093023
2426,53.31
2496,45.507936507936506
2566,37.38529848372389
2636,119.21450151057402
2706,34.76837022612566
2776,41.31372549019608
2846,141.48
2916,203.42857142857142
2986,43.051446945337624
3056,40.40229885057471
3126,30.4
3196,33.35263157894737
42,
112,
182,
252,
322,
392,42.53846153846154
462,58.4625
532,68.43939393939394
602,75.42372935399527
672,59.06132808453331
742,75.1606435236756
812,43.353201733269145
882,103.81268832356425
952,107.41732835123773
1022,105.31818181818181
1092,75.51428571428572
1162,83.1625
1232,92.46753246753246
1302,99.78289473684211
1372,171.42117117117118
1442,139.37517309023772
1512,115.61764705882354
1582,84.44444444444444
1652,139.19886363636363
1722,139.36633663366337
1792,131.50531914893617
1862,103.06715047260673
1932,167.56132075471697
2002,167.63478868862646
2072,66.43180293300105
2142,49.51178451178451
2212,93.42477876106194
2282,75.06770833333333
2352,91.6302032913843
2422,82.57142857142857
2492,75.6742086662569
2562,58.51724137931034
2632,129.81967213114754
2702,187.68208092485548
2772,199.57754010695186
2842,41.38775510204081
2912,46.59090909090909
2982,49.57159121960106
3052,48.516129032258064
3122,58.352826826502515
3192,62.527272727272724
38,
108,
178,
248,
318,
388,49.42904290429043
458,55.08292858793153
528,65.57297161517207
598,59.38738295439744
668,61.314781021897815
738,64.0
808,34.48
878,
948,54.75731497418244
1018,67.18391030684501
1088,65.60544217687075
1158,75.2566037735849
1228,81.49428948799626
1298,139.5119825708061
1368,113.6273733754078
1438,87.04415584415584
1508,84.41379310344827
1578,151.68832937485018
1648,167.38113795791114
1718,131.48115698580804
1788,163.63231773974667
1858,115.63897948326509
1928,75.60810206575849
1998,147.44106237466835
2068,103.18161180476731
2138,87.33928534876264
2208,131.65024630541873
2278,147.49336249811435
2348,131.4934210526316
2418,93.3446295232625
2488,99.65101436061089
2558,145.58174904942965
2628,147.50324675324674
2698,75.14158479974091
2768,65.09278350515464
2838,65.57278330962541
2908,58.60294117647059
2978,48.58974358974359
3048,54.48429510591672
3118,52.524752475247524
3188,118.56603773584905
35,
105,
175,
245,
315,30.54683929931455
385,23.294068231356675
455,35.250046706393945
525,18.7027027027027
595,14.458333333333334
665,14.471297136192822
735,10.851872997886204
805,14.495238095238095
875,12.0
945,8.0
1015,10.0
1085,22.0
1155,13.0
1225,36.0
1295,32.0
1365,17.0
1435,12.0
1505,11.0
1575,8.0
1645,
1715,9.5
1785,
1855,
1925,
1995,
2065,
2135,
2205,
2275,
2345,
2415,
2485,
2555,
2625,
2695,
2765,12.0
2835,17.37125309504378
2905,14.0
2975,
3045,
3115,
3185,
3255,
31,
101,
171,
241,
311,36.0
381,43.07998484103635
451,33.32875141023367
521,53.48275862068966
591,29.746875
661,13.46079295154185
731,
801,
871,
941,28.0
1011,30.5
1081,24.453125
1151,33.497032640949556
1221,43.27120204791985
1291,55.30334740936584
1361,35.161690657944916
1431,38.44345898004435
1501,27.014817536523587
1571,10.717242287461684
1641,9.824042962580052
1711,22.0
1781,40.0
1851,
1921,
1991,34.48275862068966
2061,
2131,
2201,
2271,
2341,
2411,
2481,
2551,39.0
2621,51.127702665251114
2691,42.83898305084747
2761,41.0
2831,15.0
2901,15.0
2971,7.0
3041,35.34578166102969
3111,67.36182336182337
3181,71.42442691433929
3251,22.73298122977346
27,62.0
97,38.48466877578762
167,35.207930111004735
237,15.667138373737007
307,10.242532041578361
377,12.687878321326991
447,23.469024404072773
517,10.473014060339755
587,20.480527638190953
657,23.290086119129462
727,27.698738170347003
797,37.97983667189739
867,
937,52.416666666666664
1007,
1077,
1147,
1217,
1287,
1357,
1427,
1497,29.0
1567,
1637,
1707,
1777,
1847,
1917,
1987,32.0
2057,
2127,59.43658919363276
2197,35.0
2267,
2337,
2407,
2477,45.38651827313783
2547,59.21032087105705
2617,75.46814964610718
2687,54.76121510525606
2757,67.61513536430259
2827,12.0
2897,42.40425531914894
2967,24.49206349206349
3037,29.358529396284016
3107,22.316369601127423
3177,22.481678374786405
3247,22.156528429941208
23,
93,60.53846153846154
163,51.41662657059852
233,37.75428180533741
303,20.52354435506139
373,21.49260737328809
443,38.54519376826285
513,33.38936458104921
583,30.588729520908146
653,54.874277574987886
723,21.917190629220805
793,49.42615526148185
863,42.96029776674938
933,
1003,
1073,
1143,
1213,
1283,
1353,
1423,
1493,36.40637450199203
1563,43.096485693354616
1633,
1703,
1773,
1843,67.5
1913,66.0
1983,59.23015873015873
2053,37.443929215961504
2123,34.47791565753664
2193,34.756678398024846
2263,33.0
2333,
2403,34.93238052951097
2473,23.245843672456573
2543,23.446531486279277
2613,34.44604316546763
2683,24.465753424657535
2753,45.5209963081627
2823,83.26666666666667
2893,37.41684972883916
2963,50.51798561151079
3033,29.476497309836013
3103,35.0
3173,33.333333333333336
3243,49.39000840847807
19,
89,83.53594980340354
159,70.96032913371268
229,67.1894244793318
299,49.41506366838255
369,51.64042553191489
439,37.40529323717512
509,35.32314081857229
579,42.99689628236999
649,51.07765905440324
719,77.45022970903523
789,54.558606070006725
859,45.323607427055705
929,54.75686647490026
999,73.50912807971187
1069,37.0
1139,
1209,
1279,
1349,
1419,
1489,
1559,49.44400080549403
1629,62.51851851851852
1699,52.51063829787234
1769,53.52176706548353
1839,75.29434925956087
1909,43.13929016095885
1979,
2049,
2119,32.0
2189,43.217501744092445
2259,21.533678756476682
2329,27.72606369926878
2399,52.6
2469,41.46863468634686
2539,61.4625
2609,132.75
2679,72.1880341880342
2749,43.372093023255815
2819,23.173010380622838
2889,105.65
2959,78.5111111111111
3029,37.3859649122807
3099,
3169,
3239,
15,
85,
155,
225,
295,
365,
435,
505,
575,
645,
715,80.37704918032787
785,91.25245901639344
855,59.11726384364821
925,70.50185147388984
995,91.62264150943396
1065,87.65114944589892
1135,107.52263239288776
1205,57.41099502001757
1275,71.15130107861046
1345,55.58382749326145
1415,51.44106559437045
1485,46.52109596089529
1555,52.51700833521064
1625,52.45454545454545
1695,40.53962278646333
1765,38.0
1835,
1905,38.0
1975,45.53874538745387
2045,105.30434782608695
2115,155.68503937007873
2185,112.33333333333333
2255,101.78181818181818
2325,80.31818181818181
2395,40.4421768707483
2465,34.86343852542819
2535,51.069182389937104
2605,121.38636363636364
2675,45.44444444444444
2745,42.592592592592595
2815,44.483333333333334
2885,60.44
2955,44.52777777777778
3025,23.574887326090266
3095,55.4321608040201
3165,21.0
3235,
11,
81,
151,
221,
291,
361,
431,
501,
571,
641,54.63527851458886
711,51.08775717651508
781,43.208120407651926
851,99.52848101265823
921,96.48
991,60.411764705882355
1061,96.5625
1131,103.46852064862223
1201,77.54545454545455
1271,152.17997959216208
1341,123.18072289156626
1411,123.68382352941177
1481,38.14701484314743
1551,44.661189273984014
1621,51.347440270056644
1691,87.52123737326237
1761,103.4633375523167
1831,119.50467730833523
1901,139.42207705639248
1971,155.28727367316034
2041,189.51431759018226
2111,109.63793103448276
2181,61.5
2251,46.44724707366098
2321,48.57142857142857
2391,49.370558375634516
2461,44.58
2531,46.6
2601,45.785714285714285
2671,123.3157894736842
2741,33.35311201794052
2811,124.42105263157895
2881,183.42936288088643
2951,38.37340492294819
3021,45.56934306569343
3091,34.41393442622951
3161,34.424778761061944
3231,14.566265060240964
7,
77,
147,
217,
287,
357,
427,42.517857142857146
497,68.54639175257732
567,70.42105263157895
637,70.70022443090733
707,48.43652069104058
777,54.422331664782824
847,67.6358024691358
917,91.33531510107015
987,99.59810350045396
1057,91.4375
1127,46.534837323511354
1197,117.60529562494068
1267,75.19047619047619
1337,98.74074074074075
1407,114.82424242424243
1477,187.662440570523
1547,75.09493670886076
1617,123.39437829876027
1687,141.20967741935485
1757,171.45698924731184
1827,103.75099601593625
1897,167.43937708565073
1967,179.2722371967655
2037,119.3080855898504
2107,52.46268656716418
2177,115.62334428841748
2247,99.39252336448598
2317,131.45945945945945
2387,184.26132404181186
2457,123.76470588235294
2527,91.11320754716981
2597,117.5
2667,109.25
2737,147.7341304393994
2807,50.79527559055118
2877,51.17293233082707
2947,48.48979591836735
3017,60.51111111111111
3087,62.41860465116279
3157,62.445544554455445
3227,62.458333333333336
3,
73,
143,
213,
283,
353,
423,49.34770889487871
493,59.34993810707649
563,51.26365657306888
633,78.9609079511759
703,65.33838062102873
773,53.40978593272171
843,64.57692307692308
913,51.18041237113402
983,51.198237885462554
1053,49.34586466165413
1123,77.46496815286625
1193,69.63670509001426
1263,83.1749339180382
1333,69.37528656957662
1403,89.32413793103449
1473,87.24518820517683
1543,135.58426360157665
1613,167.83874239350914
1683,155.5894821777984
1753,151.70647902461965
1823,153.43434343434345
1893,107.56585365853658
1963,151.58666586612145
2033,99.49166239826987
2103,103.56023860747115
2173,67.42308899304537
2243,161.46451425247236
2313,130.52173913043478
2383,129.60386473429952
2453,131.62036917516457
2523,87.53525444512569
2593,155.5695245076805
2663,129.5912408759124
2733,56.50588235294118
2803,61.36486486486486
2873,101.63235294117646
2943,64.375
3013,53.66346153846154
3083,64.41095890410959
3153,96.41739130434783
3223,114.50877192982456
69,
139,
209,
279,
349,25.492468006302
419,35.15015205820089
489,17.388206388206388
559,17.45872347990992
629,13.356685602485111
699,13.28567100451634
769,15.0
839,9.826819923371648
909,9.97156862745098
979,10.0
1049,14.0
1119,11.0
1189,17.408163265306122
1259,32.0
1329,29.412280701754387
1399,11.0
1469,20.0
1539,12.0
1609,10.0
1679,8.0
1749,
1819,
1889,
1959,
2029,
2099,
2169,
2239,
2309,
2379,
2449,
2519,
2589,
2659,
2729,44.53333333333333
2799,19.103772837680854
2869,22.400447924953724
2939,17.525641025641026
3009,
3079,
3149,
3219,
65,
135,34.90554843929077
205,29.0
275,38.75257577085341
345,33.0
415,18.983415940522825
485,35.111005369112426
555,43.2091053531163
625,18.95751322714537
695,
765,
835,
905,
975,
1045,22.555555555555557
1115,18.516129032258064
1185,38.46892655367232
1255,
1325,55.51343643240606
1395,26.375
1465,20.0
1535,27.332688588007738
1605,10.599710277241988
1675,18.0
1745,
1815,
1885,
1955,33.0
2025,34.760998371351775
2095,
2165,
2235,
2305,
2375,
2445,
2515,53.0
2585,37.30585390890328
2655,43.096596055379955
2725,
2795,13.454545454545455
2865,18.504016913319237
2935,21.5
3005,22.52232765838683
3075,67.43371357311166
3145,67.5417900448297
3215,23.057322418002393
61,43.359720605355065
131,40.46516142214957
201,22.545357595859887
271,21.538059291778705
341,10.915194656199036
411,37.57431402760903
481,30.54602319203195
551,10.566583702624495
621,14.773276212283488
691,22.85966072142105
761,41.50946925415011
831,45.476190476190474
901,57.407407407407405
971,
1041,57.0
1111,
1181,
1251,
1321,
1391,
1461,11.0
1531,43.350563909774436
1601,
1671,
1741,
1811,
1881,
1951,
2021,
2091,
2161,65.39151886085435
2231,
2301,
2371,
2441,56.608695652173914
2511,53.47294217136514
2581,99.45907079646018
2651,41.33920704845815
2721,60.411764705882355
2791,46.490196078431374
2861,
2931,50.45381526104418
3001,40.49458758957158
3071,38.62949718860016
3141,33.472647702407
3211,51.312562024115856
57,
127,69.46263097636266
197,54.67123926036185
267,17.37375340263593
337,19.072597799350486
407,18.46511627906977
477,75.56450504285374
547,46.50316941349169
617,37.759821903954624
687,16.38917583651471
757,19.171072611630184
827,43.22621312407939
897,50.38297872340426
967,53.0
1037,
1107,
1177,
1247,
1317,
1387,
1457,31.0
1527,49.399462754670225
1597,41.24931751223072
1667,
1737,
1807,
1877,68.5
1947,46.51923076923077
2017,41.41554054054054
2087,38.507163821734764
2157,8.454428397783225
2227,28.696457480239978
2297,
2367,58.666666666666664
2437,59.62126245847176
2507,29.44029327861468
2577,37.37894736842105
2647,25.23149020085749
2717,42.97940503432495
2787,45.282208588957054
2857,38.432203389830505
2927,61.385185185185186
2997,29.35385213143872
3067,29.463917525773194
3137,38.32666666666667
3207,57.59615384615385
53,67.21066846725188
123,70.86109915050643
193,83.64103112238128
263,59.31760850134075
333,22.986645718774547
403,38.27566807313643
473,54.98011060797944
543,71.26814996421282
613,103.60327370907864
683,81.47540983606558
753,75.45454545454545
823,67.11382113821138
893,68.07042253521126
963,75.46944561949078
1033,44.52162157069642
1103,
1173,
1243,50.5
1313,59.28525054520843
1383,
1453,
1523,
1593,55.875
1663,68.47504336095587
1733,51.17408664164699
1803,51.30817396069005
1873,38.037740896844994
1943,50.218649517684895
2013,
2083,51.0
2153,48.55714285714286
2223,42.488
2293,28.9672131147541
2363,55.5634796546116
2433,83.52830188679245
2503,44.4264705882353
2573,36.0
2643,38.05081601099467
2713,83.72222222222223
2783,41.36
2853,50.43625644804716
2923,101.5320341293482
2993,58.41304347826087
3063,50.48275862068966
3133,
3203,
49,
119,
189,
259,
329,
399,
469,
539,
609,
679,
749,74.3855421686747
819,85.49056603773585
889,75.42084942084942
959,107.57049180327868
1029,77.60377358490567
1099,107.40914073867373
1169,123.4658273381295
1239,87.59772334420062
1309,27.176855895196507
1379,39.028169062344745
1449,49.37079656635508
1519,49.322463768115945
1589,51.1350628102382
1659,46.517857142857146
1729,40.49230769230769
1799,59.0
1869,
1939,51.22101502471492
2009,37.33914986434005
2079,81.41176470588235
2149,75.85714285714286
2219,90.37536800785082
2289,73.5
2359,65.59183673469387
2429,42.921052631578945
2499,59.40860215053763
2569,107.6242774566474
2639,75.34782608695652
2709,52.666666666666664
2779,36.38095238095238
2849,52.51724137931034
2919,40.5
2989,33.0
3059,65.0
3129,53.339622641509436
3199,34.0
45,
115,
185,
255,
325,
395,
465,
535,
605,37.5
675,51.29330833182722
745,43.032786183882145
815,74.4008488564018
885,101.17777777777778
955,102.51428571428572
1025,74.37037037037037
1095,125.63157894736842
1165,71.13392857142857
1235,75.42168674698796
1305,139.43589743589743
1375,135.55941428016067
1445,119.48533333333333
1515,38.52447938359017
1585,83.57655502392345
1655,87.39786637544621
1725,103.13081792455223
1795,55.30879583834868
1865,87.58327992758842
1935,139.28062360801786
2005,151.63019559902202
2075,161.41304347826087
2145,81.50714285714285
2215,68.38461538461539
2285,42.56934306569343
2355,59.42156862745098
2425,53.32941176470588
2495,44.59322033898305
2565,38.526315789473685
2635,123.81666666666666
2705,44.470588235294116
2775,62.3
2845,155.50328331299883
2915,229.17142857142858
2985,58.357142857142854
3055,36.49771064062928
3125,36.432330827067666
3195,25.6
41,
111,
181,
251,
321,
391,
461,
531,50.72222222222222
601,62.333333333333336
671,44.51239669421488
741,54.31259948426154
811,59.39573058026949
881,87.54882154882155
951,83.51893939393939
1021,85.54736842105264
1091,108.45833333333333
1161,46.625359236693875
1231,87.75193798449612
1301,91.41489361702128
1371,87.3093057286868
1441,161.56164383561645
1511,85.58241758241758
1581,165.54666666666665
1651,149.34
1721,167.09668508287294
1791,171.23565804274463
1861,147.54296449691512
1931,167.31008717310087
2001,154.55714285714285
2071,70.78049197071813
2141,50.642857142857146
2211,59.175314212052854
2281,107.27848101265823
2351,167.8043844856661
2421,135.4232613908873
2491,80.55555555555556
2561,64.28
2631,99.6304347826087
2701,151.59223300970874
2771,50.63157894736842
2841,51.19512195121951
2911,62.50907039319503
2981,52.455882352941174
3051,54.50666666666667
3121,62.422222222222224
3191,68.58333333333333
37,
107,
177,
247,
317,
387,
457,59.47396532108747
527,54.65341038445732
597,59.45302013422819
667,80.45098039215686
737,81.5686292937362
807,75.59644987880034
877,56.469565217391306
947,50.40625
1017,45.28346456692913
1087,57.50950570342205
1157,70.89101251036888
1227,123.42545879485068
1297,107.46850393700787
1367,107.49796684084392
1437,103.16615858386284
1507,139.532206969377
1577,135.27104043228505
1647,147.54330708661416
1717,135.50138998297462
1787,55.09324952104281
1857,83.42354719783572
1927,139.37887143755466
1997,115.44055790456316
2067,115.55637577581342
2137,70.57317073170732
2207,140.4689777668892
2277,147.32600732600733
2347,99.43229980078989
2417,125.4835272219637
2487,135.7122413331531
2557,113.51229508196721
2627,67.35445303849004
2697,71.26253228457384
2767,110.34615384615384
2837,92.56140350877193
2907,131.57737779662816
2977,75.2580758922274
3047,92.52
3117,87.30085441016284
3187,107.40982397935673
34,
104,
174,
244,
314,21.951999682904592
384,35.158458542801185
454,21.83736798846207
524,17.348387096774193
594,14.0
664,14.0
734,10.492957746478874
804,10.676865130605258
874,9.632664756446992
944,10.44943820224719
1014,12.0
1084,17.0
1154,14.0
1224,11.5
1294,22.51923076923077
1364,37.662921348314605
1434,12.0
1504,25.47938144329897
1574,16.0
1644,8.0
1714,8.0
1784,
1854,
1924,
1994,
2064,
2134,
2204,
2274,
2344,
2414,
2484,
2554,
2624,
2694,
2764,43.183716970194666
2834,10.580981329400759
2904,38.05722556385509
2974,
3044,
3114,
3184,
3254,
30,
100,51.423116906261136
170,36.495711835334475
240,31.0
310,44.53488372093023
380,30.462990330616897
450,12.503948294726841
520,35.23872894976704
590,38.65980357158928
660,17.362885602480052
730,
800,
870,
940,
1010,
1080,
1150,
1220,
1290,
1360,
1430,20.692307692307693
1500,
1570,21.788217980734924
1640,26.555555555555557
1710,10.452830188679245
1780,
1850,
1920,34.43805309734513
1990,36.48630924358708
2060,33.0
2130,
2200,
2270,
2340,
2410,
2480,
2550,37.1516007955378
2620,51.26427776174179
2690,40.469031148786435
2760,
2830,24.0
2900,14.444444444444445
2970,14.5
3040,36.48810099902141
3110,55.11624959060637
3180,51.372060976009145
3250,29.538209480077885
26,
96,43.225231361950065
166,38.40704132991067
236,28.179164387811557
306,19.00668259394449
376,37.404297689398845
446,37.864113305521066
516,10.6626839856275
586,18.0
656,32.486486486486484
726,38.2817784343051
796,42.25
866,
936,58.516129032258064
1006,55.0
1076,34.0
1146,
1216,
1286,
1356,
1426,
1496,43.199289516689
1566,43.098791755508174
1636,
1706,
1776,
1846,
1916,
1986,
2056,
2126,71.16502217875728
2196,34.747813280229266
2266,
2336,
2406,78.0
2476,53.544098468752296
2546,83.42711632143184
2616,34.838192416782675
2686,49.41588785046729
2756,41.43846153846154
2826,
2896,32.52872033710358
2966,32.50598243883892
3036,35.19990531697772
3106,55.26630756674828
3176,51.394250277132876
3246,22.380181974296008
22,
92,65.55555555555556
162,59.397559670982005
232,37.9844798111299
302,13.401864676883667
372,16.49056603773585
442,58.452127659574465
512,35.28680311267455
582,18.985093167701862
652,25.530026109660575
722,21.91418336220104
792,16.464899874429978
862,43.204316069162566
932,54.57037037037037
1002,52.4
1072,
1142,
1212,
1282,
1352,
1422,
1492,50.0
1562,40.47845804988662
1632,
1702,
1772,
1842,64.7
1912,46.75469855269778
1982,45.440677966101696
2052,36.47511312217195
2122,30.15960203129858
2192,34.0
2262,
2332,
2402,56.4875
2472,35.025252525252526
2542,20.478385835824326
2612,53.421875
2682,53.542086174379804
2752,55.20734846244235
2822,38.35758507004013
2892,37.3755931667194
2962,31.0
3032,30.45633291219204
3102,33.48421052631579
3172,46.36
3242,57.666666666666664
18,
88,68.5391304347826
158,75.47979542325902
228,83.45359364943144
298,83.56926755517576
368,75.44407894736842
438,61.59146341463415
508,75.40943399708418
578,109.50541647578754
648,99.36969513699339
718,75.43366591453956
788,85.47222222222223
858,51.28652603068676
928,51.32106339468303
998,54.95165755648665
1068,44.48550724637681
1138,37.0
1208,46.42857142857143
1278,59.41483497394326
1348,51.00000000000001
1418,
1488,
1558,38.0
1628,
1698,70.49384600706038
1768,51.20334928229665
1838,51.37476182739317
1908,41.41280356501974
1978,
2048,
2118,43.39384282640958
2188,29.806926944805763
2258,19.062941211366198
2328,38.83243027992479
2398,139.4672131147541
2468,94.54098360655738
2538,36.0
2608,40.45454545454545
2678,30.53174603174603
2748,34.496062992125985
2818,37.30612244897959
2888,46.418912297893186
2958,46.47682119205298
3028,42.51349572086899
3098,34.840425531914896
3168,
3238,
14,
84,
154,
224,
294,
364,
434,
504,
574,
644,
714,74.5163043478261
784,70.49966758014563
854,96.62162162162163
924,70.61386138613861
994,107.29605263157895
1064,99.56512605042016
1134,103.56560925593053
1204,52.54716981132076
1274,119.49955305310962
1344,51.224331395580016
1414,65.58666666666667
1484,48.48407643312102
1554,44.50574712643678
1624,42.87951807228916
1694,42.8448275862069
1764,38.39784946236559
1834,
1904,53.44660194174757
1974,132.95652173913044
2044,117.71186440677967
2114,117.44444444444444
2184,114.96296296296296
2254,100.48275862068965
2324,189.61764705882354
2394,43.062283737024224
2464,40.663898774219064
2534,75.10891089108911
2604,33.42857142857143
2674,120.8
2744,153.05769230769232
2814,134.5125
2884,58.55555555555556
2954,34.450613191912495
3024,35.0
3094,28.483870967741936
3164,49.285714285714285
3234,
10,
80,
150,
220,
290,
360,
430,
500,
570,40.0
640,54.641304526771556
710,43.229900136542526
780,87.47927158338261
850,88.3731343283582
920,97.80740740740741
990,113.40625
1060,78.52380952380952
1130,120.24444444444444
1200,67.25153374233129
1270,91.63793103448276
1340,139.68085106382978
1410,147.3622342642768
1480,123.49112426035504
1550,87.73111247787722
1620,55.08296708869318
1690,119.4588277583782
1760,83.41646859420416
1830,71.46453053453641
1900,103.37075656550971
1970,131.44617945716817
2040,163.55915092254997
2110,157.8411138803681
2180,48.45348837209303
2250,65.28225806451613
2320,46.447916666666664
2390,51.145787395518184
2460,45.46875
2530,52.48275862068966
2600,93.42857142857143
2670,34.473118279569896
2740,106.0
2810,179.50325247323485
2880,231.70581140896203
2950,51.45
3020,38.47787610619469
3090,34.416666666666664
3160,33.44776119402985
3230,10.783785821614956
6,
76,
146,
216,
286,
356,
426,
496,
566,49.0
636,46.3
706,42.455357142857146
776,57.55294117647059
846,83.48407643312102
916,103.25964583089014
986,107.48
1056,89.44444444444444
1126,64.55932203389831
1196,121.71428571428571
1266,97.425
1336,91.31460674157303
1406,187.33910034602076
1476,85.72941176470589
1546,81.19491525423729
1616,105.49350590781997
1686,189.5214007782101
1756,183.46843507110484
1826,199.39622641509433
1896,147.47388059701493
1966,145.5268817204301
2036,83.58732876712328
2106,75.26269877864395
2176,59.32459351994015
2246,131.53882587962366
2316,83.51748251748252
2386,119.43750742309673
2456,114.44444444444444
2526,75.45945945945945
2596,139.38636363636363
2666,110.4
2736,44.5873786407767
2806,44.627906976744185
2876,67.32121212121213
2946,46.54
3016,52.654545454545456
3086,52.28
3156,62.52
3226,52.39080459770115
2,38.26923076923077
72,
142,
212,
282,
352,
422,74.9090909090909
492,54.85471679591636
562,51.50632855336999
632,51.32800341620802
702,73.42434210526316
772,75.51004738733214
842,57.42406876790831
912,46.5651317409505
982,46.42857142857143
1052,75.33703703703704
1122,67.35529250138794
1192,115.67250235010225
1262,103.70649505540923
1332,81.44736842105263
1402,87.12335365362861
1472,103.24081960250443
1542,91.46279645556424
1612,83.51046055765214
1682,67.55873015873016
1752,55.04687802200675
1822,86.75677923240026
1892,131.71251903492907
1962,135.54561756408683
2032,139.52975160391694
2102,103.36965048374445
2172,135.52714743368134
2242,137.5444655851041
2312,115.5076565306795
2382,131.53936166140824
2452,123.41084053417124
2522,122.48022598870057
2592,60.42
2662,99.42692307692307
2732,119.40802135755492
2802,115.55034079656993
2872,131.46123521681997
2942,113.53772070626003
3012,85.6128815589292
3082,117.54814814814814
3152,115.52449018159328
3222,99.62490120323415
68,
138,
208,
278,
348,19.30645596134304
418,38.45218756284494
488,
558,22.0
628,
698,18.318181818181817
768,14.403913636806706
838,9.88476299803422
908,14.53623188405797
978,12.0
1048,13.0
1118,10.5
1188,11.0
1258,16.46153846153846
1328,19.324095590676254
1398,20.512820512820515
1468,22.549668874172184
1538,20.419354838709676
1608,13.0
1678,11.0
1748,
1818,23.0
1888,
1958,
2028,
2098,
2168,
2238,
2308,
2378,
2448,
2518,
2588,
2658,
2728,55.09360374414977
2798,21.4234693877551
2868,18.5125
2938,34.0
3008,35.29767441860465
3078,
3148,
3218,
64,
134,38.5384726041819
204,14.0
274,43.26386630805168
344,37.45459106432419
414,12.577777777777778
484,17.317116481380793
554,35.07018728010164
624,22.73590871472442
694,22.00737041749694
764,30.0
834,
904,
974,
1044,
1114,
1184,
1254,
1324,
1394,
1464,
1534,29.5
1604,16.973227358293244
1674,
1744,
1814,11.0
1884,33.290460501961945
1954,33.21890886750333
2024,34.91262435382861
2094,
2164,
2234,
2304,
2374,
2444,
2514,51.0
2584,43.09406111756309
2654,41.385182783000836
2724,34.59574468085106
2794,19.0
2864,33.0
2934,59.536458333333336
3004,57.323076923076925
3074,43.34029414549632
3144,38.54060580522826
3214,37.43434057676327
60,49.40641290449493
130,45.42914396142987
200,35.16264673191732
270,16.4625
340,23.416662593015044
410,43.02372637486719
480,29.999999999999993
550,12.0
620,19.050420168067227
690,39.064613870906435
760,35.06254163410246
830,
900,
970,
1040,34.48039215686274
1110,
1180,
1250,
1320,
1390,
1460,
1530,36.431977854017575
1600,50.46153846153846
1670,
1740,
1810,
1880,
1950,
2020,
2090,69.6025641025641
2160,105.42758620689655
2230,
2300,
2370,
2440,48.566092428495416
2510,59.36008402862671
2580,34.49112426035503
2650,37.398006823487165
2720,
2790,92.0
2860,
2930,32.47872340425532
3000,59.36009023761652
3070,22.895953472655783
3140,55.18895263666537
3210,39.05011229028138
56,
126,67.43076695729273
196,48.53291536050157
266,37.394636161181644
336,14.429184549356224
406,40.603305785123965
476,36.47183623230654
546,22.223535232225267
616,35.35106547394581
686,19.012839242388164
756,17.386181904124157
826,20.483608778108913
896,28.5
966,71.40854047163799
1036,58.53874757035409
1106,
1176,
1246,
1316,
1386,
1456,
1526,56.395604395604394
1596,
1666,
1736,
1806,58.35
1876,53.26531379509329
1946,65.7710843373494
2016,41.49248120300752
2086,32.44727049478155
2156,
2226,
2296,
2366,42.333333333333336
2436,38.46153846153846
2506,22.58823529411765
2576,16.44997001069184
2646,89.36
2716,87.13072517089283
2786,151.5333366911943
2856,59.758865248226954
2926,33.32268117473061
2996,30.547169811320753
3066,33.493975903614455
3136,30.0
3206,
52,
122,61.626506024096386
192,71.15948884551916
262,87.39316747774016
332,65.48730964467005
402,69.45389021864831
472,61.784946236559136
542,93.46913580246914
612,88.37931034482759
682,87.24618816682832
752,99.43271252628418
822,51.363149575182774
892,48.567796610169495
962,50.984984820720406
1032,53.48878316559927
1102,42.47587719298246
1172,37.42
1242,53.48863359236483
1312,59.346123848818806
1382,82.44117647058823
1452,
1522,
1592,
1662,66.49856030713448
1732,67.28531224338481
1802,67.50144927536232
1872,43.18757122330675
1942,
2012,
2082,18.0
2152,37.72908999341417
2222,35.06457996571148
2292,37.16188675880517
2362,125.3763440860215
2432,83.41463414634147
2502,54.5
2572,42.5
2642,36.46875
2712,36.5
2782,38.45679012345679
2852,35.13294492666221
2922,44.49704142011834
2992,46.464
3062,49.53133139267657
3132,43.0
3202,
48,
118,
188,
258,
328,
398,
468,
538,
608,
678,
748,76.58823529411765
818,68.48
888,77.49056603773585
958,115.72733514387721
1028,105.55128205128206
1098,135.35349478612892
1168,76.54545454545455
1238,71.13289285765808
1308,115.19662921348315
1378,55.006533435818596
1448,67.19650655021834
1518,72.56603773584905
1588,42.51559981579553
1658,43.06201550387597
1728,57.47142857142857
1798,40.46551724137931
1868,62.0
1938,107.70415381016564
2008,183.48307692307694
2078,148.2
2148,139.61666666666667
2218,145.70833333333334
2288,78.1923076923077
2358,51.25
2428,42.43181818181818
2498,40.44
2568,45.614285714285714
2638,151.46116504854368
2708,139.53113553113553
2778,118.81115879828324
2848,209.1
2918,92.0
2988,48.458333333333336
3058,36.43873826903024
3128,22.48148148148148
3198,46.2
44,
114,
184,
254,
324,
394,
464,
534,81.56626506024097
604,67.3731654554195
674,50.490566037735846
744,57.277789881912064
814,104.0340053040203
884,115.19886363636364
954,121.30499287459286
1024,81.31193782830826
1094,64.53846153846153
1164,66.6198347107438
1234,107.22772277227723
1304,115.13207547169812
1374,107.1938775510204
1444,139.484393511346
1514,139.34868421052633
1584,145.45544554455446
1654,119.42928605302208
1724,139.3020921430255
1794,117.32307692307693
1864,135.26968334236886
1934,115.64299802761342
2004,139.340625
2074,163.60088717077224
2144,56.58490566037736
2214,52.45263157894737
2284,59.70348837209303
2354,43.203791029750704
2424,42.410714285714285
2494,52.22222222222222
2564,48.542857142857144
2634,35.0
2704,61.0
2774,90.66666666666667
2844,163.34653465346534
2914,42.4320987654321
2984,43.303586273785335
3054,34.49038461538461
3124,34.47488584474886
3194,22.48289195077792
40,
110,
180,
250,
320,
390,
460,
530,
600,57.0
670,48.4327868852459
740,44.5
810,59.18317319208965
880,85.47560975609755
950,83.22173009305126
1020,103.58841038042972
1090,83.27862595419847
1160,87.20361990950227
1230,117.44186046511628
1300,93.41818181818182
1370,113.62790697674419
1440,183.14992025518342
1510,185.5148514851485
1580,83.46794871794872
1650,199.97054795650666
1720,195.28840647266432
1790,199.64952864925993
1860,123.125
1930,107.56081010977154
2000,131.29361828877802
2070,99.45070422535211
2140,103.3088503029809
2210,67.20631067961165
2280,179.35318937468938
2350,139.39384615384614
2420,107.47492625368731
2490,185.69333333333333
2560,83.56626506024097
2630,122.76470588235294
2700,36.48717948717949
2770,50.45652173913044
2840,46.51111111111111
2910,50.59016393442623
2980,44.48979591836735
3050,52.4
3120,48.48717948717949
3190,48.62135922330097
36,37.26431588735303
106,37.49469555009515
176,
246,
316,
386,54.70236588179031
456,51.310038431221
526,59.463736962036634
596,51.37266334955438
666,54.67510247452856
736,81.46646341463415
806,59.26365584489358
876,48.7
946,
1016,31.0
1086,54.370883882149045
1156,103.76808247377227
1226,91.57357147291954
1296,87.43263786911704
1366,115.57478482667848
1436,71.2487436411284
1506,85.45097951993735
1576,119.20354134138599
1646,91.4739122324794
1716,59.28806110795072
1786,99.52980846108386
1856,131.60886326258364
1926,135.71487731110278
1996,155.4274744967224
2066,123.43751809205237
2136,123.57516122598231
2206,147.47849943098683
2276,123.54110137599629
2346,119.59908434953678
2416,139.47851318778177
2486,91.45011365244831
2556,115.51944591329953
2626,97.49898006432477
2696,135.6277198967736
2766,119.66567980535689
2836,113.50303318663019
2906,99.5958264807023
2976,59.40630067126266
3046,115.42272223504091
3116,121.51225362284463
3186,118.47068988002087
