id,b1
33,
103,
173,
243,
313,
383,0.1691400360041267
453,
523,
593,
663,
733,
803,
873,
943,
1013,
1083,
1153,
1223,
1293,
1363,
1433,
1503,
1573,
1643,
1713,
1783,
1853,0.011398771215116973
1923,
1993,0.03440414389718873
2063,
2133,
2203,
2273,
2343,
2413,
2483,
2553,
2623,
2693,3.307691997402252E-4
2763,0.22523632900701301
2833,
2903,
2973,0.0
3043,0.0
3113,
3183,
3253,
29,
99,0.3757791359919779
169,0.113271052871371
239,0.528048080118476
309,0.6265814942942748
379,0.4111265406287148
449,0.06167009059392302
519,0.16250764808518808
589,0.2728943869192204
659,0.3294535582731967
729,0.13188116315818704
799,
869,
939,
1009,
1079,
1149,
1219,
1289,
1359,
1429,
1499,
1569,
1639,
1709,
1779,0.05870891988490471
1849,0.08319790514971451
1919,0.1177605190012824
1989,0.21097871059487844
2059,0.5236077953571949
2129,0.06999158206858042
2199,
2269,
2339,
2409,
2479,0.2635515705632883
2549,0.26954499112557395
2619,0.5313690110147875
2689,0.38863040234347646
2759,0.03661102141916907
2829,0.03527325144864182
2899,
2969,0.7133164262750697
3039,0.4581581767476105
3109,0.6117299472326752
3179,0.5778141908812372
3249,0.4810157072357236
25,
95,0.5773858329394242
165,0.5279981064748663
235,0.3154184021392957
305,0.4413264395576577
375,0.4110944969146586
445,0.23829808616947276
515,0.052384259016538454
585,0.06192184409978205
655,0.7663183841554267
725,0.8608267959418162
795,0.34133271091749107
865,0.12524961171510982
935,
1005,0.8370208245123145
1075,0.2592861557603334
1145,0.4136872650338258
1215,
1285,
1355,
1425,
1495,0.19886608365528047
1565,0.48637875004428865
1635,
1705,
1775,
1845,
1915,
1985,
2055,0.14610589946179062
2125,0.2978867262866758
2195,
2265,0.1365310286130103
2335,
2405,0.30622926390022814
2475,0.6371663949749935
2545,0.7362995236145127
2615,0.12469094832859272
2685,0.45756970914572503
2755,0.5286055242688373
2825,6.701538269488347E-4
2895,0.2752938261931153
2965,0.9472256772396916
3035,0.6320519233755033
3105,0.8382686979023264
3175,0.9488602061227824
3245,0.44690933551091117
21,
91,0.41124690079017456
161,0.30770823987041984
231,0.3464135327506733
301,0.44540594827465846
371,0.0711432025803936
441,0.22461540493397822
511,0.2375795605410596
581,0.998219270827027
651,0.30903628120929405
721,0.09947917203118241
791,0.10463909688988578
861,0.19066258061367639
931,0.5843210198289598
1001,0.7477179072542934
1071,0.6313346849654917
1141,
1211,
1281,
1351,
1421,
1491,0.3313825341316054
1561,0.6264961155547915
1631,
1701,
1771,0.039505430230783296
1841,0.25000304592861566
1911,0.4573412046298205
1981,0.455016200836622
2051,0.15706048173834
2121,0.6424520767078636
2191,
2261,
2331,
2401,0.32226700211350373
2471,0.34704321505602603
2541,0.484437457297921
2611,0.2586867621968109
2681,0.7758627910297532
2751,1.515017350732244
2821,0.9500789708872032
2891,0.48199058141846324
2961,0.09096799851065263
3031,0.49406177538557833
3101,0.48422613379493123
3171,
3241,
17,
87,
157,0.5946740406553959
227,0.3028987573044241
297,0.5656809318785382
367,0.2543888893073542
437,
507,0.03904330575210139
577,
647,
717,0.7986874216994584
787,0.3198002131970194
857,0.12619542107267662
927,0.1686670496504978
997,0.47114708202010613
1067,0.49464976836196534
1137,0.2891804285067323
1207,0.32374248020042296
1277,0.7232324120593537
1347,1.0254338467262631
1417,0.7091220108902354
1487,
1557,
1627,0.33440477851477834
1697,0.3168184428096133
1767,0.6841556116292395
1837,0.21738004965312105
1907,0.15829000140933336
1977,
2047,0.13496937115239382
2117,0.13410555749695022
2187,0.2982445237538308
2257,0.6455413807605045
2327,0.909252159532447
2397,0.6887531569000428
2467,0.4870101290820627
2537,0.4579425272330337
2607,0.5096993134803681
2677,0.10205905300007817
2747,0.08234070250009888
2817,0.09726975538531928
2887,0.10109467043442973
2957,0.25877975724314833
3027,0.24928689128567375
3097,0.04833758692516141
3167,
3237,
13,
83,
153,
223,
293,
363,
433,
503,
573,
643,
713,0.18857380328623546
783,0.12430240152289031
853,0.37756063289272324
923,0.46175586939065116
993,0.6155796145178288
1063,0.22032153839972365
1133,0.24712521547749108
1203,0.16079466607796408
1273,0.44070975876322305
1343,0.38731596506246696
1413,0.2840007436706418
1483,0.5198583496267158
1553,0.23255899265391367
1623,0.4307002846683307
1693,0.6026260971962693
1763,0.15799812461631751
1833,0.0349417928400848
1903,0.5038203702462924
1973,1.0462114137614689
2043,0.6391244410072976
2113,0.3630277414921878
2183,0.43142304134531456
2253,0.26703786967210474
2323,0.23915989534883123
2393,0.015417685066429264
2463,0.01267152412032162
2533,0.1385484383746277
2603,0.8220801899774122
2673,0.5282694321572214
2743,0.4792433633925519
2813,0.33040108437118726
2883,0.43831868051337247
2953,1.013125429136547
3023,0.06560768773880996
3093,0.13764148178199803
3163,
3233,
9,
79,
149,
219,
289,
359,
429,0.1170739632940237
499,0.273707257429521
569,0.2826879718867265
639,0.24914320481819083
709,0.10895894252925968
779,0.31977441805294443
849,0.21746705033098013
919,0.32304339979041713
989,0.5827469111966281
1059,0.3102231934602049
1129,0.3915662141775836
1199,0.597304185473698
1269,0.37052999469870823
1339,0.7766662421312844
1409,0.36419636862542504
1479,0.6072884912942595
1549,0.3704040734346598
1619,0.5135017825713543
1689,0.6848411635716962
1759,0.738834404038151
1829,0.7098420481527368
1899,0.7142006303715441
1969,0.8942723217090911
2039,1.243757136148902
2109,0.6203346626532161
2179,0.17409763279334936
2249,0.10982391920889652
2319,0.4694686931053947
2389,0.24396690379930325
2459,0.15245627225899713
2529,0.08157641692692794
2599,0.24004373542286273
2669,0.29442100843875235
2739,0.6213947580895401
2809,1.2353041618723766
2879,0.6756595062529229
2949,0.13594575241305543
3019,0.2041463400749275
3089,
3159,
3229,
5,
75,
145,
215,
285,0.020816639525766623
355,0.014520580168411066
425,
495,
565,
635,0.16290505743706188
705,0.02571774311030854
775,
845,0.11753074676400074
915,0.19967853778503108
985,0.12000592827493635
1055,0.16002516425319332
1125,0.2004732724738163
1195,0.6553164267862541
1265,0.5081155083093827
1335,0.6531903931778785
1405,0.530471340618207
1475,0.2498942245862533
1545,0.7958186508864008
1615,0.2176204266290764
1685,0.6220867988148303
1755,0.9211961964968962
1825,0.7450425830092703
1895,0.8655259086908782
1965,0.5120133191431401
2035,0.5186057197224382
2105,0.5832381960444167
2175,0.4205914398017429
2245,0.3330197199485116
2315,0.5204209819479456
2385,0.7531525636635639
2455,0.5145833074188744
2525,0.5085252511930618
2595,0.7449960327861964
2665,0.4106168227712322
2735,
2805,
2875,
2945,
3015,
3085,
3155,
3225,
1,
71,
141,
211,
281,
351,0.031631605272716176
421,0.14931894674352963
491,0.2887626327705535
561,0.18499786898840845
631,0.11269571053863475
701,0.1256009148312442
771,0.11215619469379404
841,0.07135563385309154
911,0.05094386876502428
981,
1051,0.0
1121,0.041870634494867984
1191,0.12280068709276419
1261,0.23936376776528862
1331,0.24772150025488446
1401,0.1585360492122467
1471,0.20162871461239
1541,0.4746727090781724
1611,0.6078214716205202
1681,0.5344989243240956
1751,0.10522698638876334
1821,0.5645680956574348
1891,0.8082709300918897
1961,0.9081493191525345
2031,0.9081828315825587
2101,0.5019977268769984
2171,0.28551972298247275
2241,0.3354525748526129
2311,0.42450899869811115
2381,0.3106904103750198
2451,0.3833694433557022
2521,0.7370622482982794
2591,0.41783954744280066
2661,0.4958636863921158
2731,
2801,
2871,
2941,
3011,
3081,
3151,
3221,
67,
137,
207,
277,
347,0.31037215902968235
417,
487,
557,0.0
627,
697,
767,
837,
907,
977,
1047,
1117,
1187,
1257,
1327,
1397,
1467,
1537,
1607,
1677,
1747,
1817,
1887,
1957,0.028495467947298347
2027,
2097,
2167,
2237,
2307,
2377,
2447,
2517,
2587,
2657,0.00900876384234065
2727,
2797,
2867,0.0
2937,0.0
3007,0.025446429996354724
3077,0.2683642910202231
3147,
3217,1.0820157816600617
63,
133,0.46950562808788016
203,0.2683052637747008
273,0.7257177287996928
343,0.6228579372008856
413,0.6246746792410522
483,0.27168724455174137
553,0.09603207126926491
623,0.4051819821431578
693,0.3554564710179525
763,0.12235746732985632
833,
903,
973,
1043,
1113,
1183,
1253,
1323,
1393,
1463,
1533,
1603,
1673,
1743,
1813,0.10242345520090004
1883,0.19464780140204552
1953,0.22219209969521223
2023,0.4437755627582571
2093,0.42517907459003657
2163,
2233,
2303,
2373,
2443,0.0
2513,0.16304797306570737
2583,0.45081761672894627
2653,0.26579770589461044
2723,0.2463755588616658
2793,0.1224126811859209
2863,0.0
2933,0.1197814890360415
3003,0.7426668774912517
3073,0.27149654805415824
3143,0.5074596417769941
3213,0.2358861615642479
59,
129,0.5104465363016932
199,0.439499937557176
269,0.4320703073575915
339,0.5175647863996035
409,0.39608956424692016
479,0.06462332827117014
549,0.054120565662964186
619,0.4092886675087369
689,0.8545548502067001
759,0.7554784711588423
829,0.4094916961546601
899,
969,
1039,0.5538917459618377
1109,0.39181530813711046
1179,
1249,
1319,
1389,
1459,0.08096415327564895
1529,0.44447734062371747
1599,0.4689387299089418
1669,
1739,
1809,
1879,
1949,
2019,0.3342559724478639
2089,0.6397232402781473
2159,0.3172650025261213
2229,
2299,0.10563542675187369
2369,0.4983839940803599
2439,0.19631955488100294
2509,0.9878137593615729
2579,0.34788772870623597
2649,0.595310903120793
2719,0.6567609372327293
2789,0.6785557426484826
2859,0.0030198090424750678
2929,0.6345672061148662
2999,0.7558560553965469
3069,0.2790990664012368
3139,0.8833939815796313
3209,0.6568086696144635
55,
125,0.4127185991500849
195,0.41897230431381477
265,0.44490705723266694
335,0.26403233854784597
405,0.04662967137808531
475,0.08451651874575102
545,0.9390361833499702
615,0.5347732519495236
685,0.06662805996931809
755,0.11078418828649057
825,0.3383863949467219
895,0.552660429058861
965,0.9593409832282448
1035,0.652113281119799
1105,
1175,
1245,
1315,
1385,
1455,
1525,0.5779009075449184
1595,0.04283520445995098
1665,
1735,
1805,0.17688639138547868
1875,0.5888828373875916
1945,0.5056462138035906
2015,0.06753705014702957
2085,0.49598197110108905
2155,
2225,
2295,
2365,0.1859902993985119
2435,0.4735624928581463
2505,0.3792079504891145
2575,0.16444840836384378
2645,0.698412116690016
2715,1.136560423371104
2785,0.6900068464635025
2855,0.23359128238588264
2925,0.28179910603863273
2995,0.4436357158867539
3065,0.8980234939673425
3135,
3205,
51,
121,
191,0.3182228502168943
261,
331,
401,
471,
541,
611,
681,1.2269029085922722
751,0.966668004823497
821,0.4463056198549181
891,0.1758680123463702
961,0.24577838176482095
1031,0.3234694680983517
1101,0.7530427882846619
1171,0.39220322536322716
1241,0.6350853014703256
1311,0.8832538429378599
1381,0.746326442547018
1451,0.6143281564598776
1521,
1591,0.6027518228111916
1661,0.5709109861409785
1731,0.6839336633203376
1801,0.25081806824298125
1871,0.008931750777619697
1941,
2011,0.504656268784393
2081,0.11871578770501191
2151,0.38076778015151025
2221,0.7895830526619289
2291,1.0635961492194201
2361,1.0221896459580206
2431,0.4991907277446185
2501,0.4262885015841643
2571,0.6473964553931081
2641,0.20373699226365732
2711,0.0953572967226086
2781,0.052227562058006584
2851,0.0346854716116924
2921,0.14514386152044642
2991,0.20852819052702287
3061,0.10578828682142566
3131,0.010861354661507706
3201,
47,
117,
187,
257,
327,
397,
467,
537,
607,
677,0.21052711186046233
747,0.14967931117856365
817,0.19574365935769528
887,0.36576490247241206
957,0.5479281037109613
1027,0.41185922154960075
1097,0.6896759988985012
1167,0.40068543729694406
1237,0.5992549817600122
1307,0.4188216199921489
1377,0.20123254473101498
1447,0.23047036906443458
1517,0.42241361453215076
1587,0.5306091373646057
1657,0.5879270306732386
1727,0.9931033217473592
1797,0.3212697281912828
1867,0.1501321857884936
1937,0.8514886125771914
2007,0.7191975133137429
2077,0.4129673067435431
2147,0.3826691881248376
2217,0.37252994330154804
2287,0.2590226004933999
2357,0.037844355585011945
2427,0.040310111813590135
2497,0.04154510844540229
2567,0.5826940688034522
2637,0.6374113668688653
2707,0.26092094261948656
2777,0.3732375473313909
2847,0.37541453884977266
2917,0.7946970211249859
2987,0.35391374664946856
3057,0.15025427561350937
3127,
3197,
43,
113,
183,
253,
323,
393,0.13800698624849134
463,0.19353979904625454
533,0.3845468746435818
603,0.32747619614438045
673,0.13336311035861523
743,0.1060212735469567
813,0.3313078455608264
883,0.1560102698089478
953,0.27675912415308873
1023,0.26561400984206335
1093,0.3469956037953166
1163,0.495612591124121
1233,0.3828968800690827
1303,0.5614007161675882
1373,0.6713503493159532
1443,0.9515453101473326
1513,0.6462754950789805
1583,0.4438403086553467
1653,0.4461322710021041
1723,0.6127276735885072
1793,0.45267699865413347
1863,0.6446924275831913
1933,0.35089241190618314
2003,0.5789332157241406
2073,0.8120663746646877
2143,0.16963892967719177
2213,0.11606698107443307
2283,0.10533692967108707
2353,0.42686940996367734
2423,0.5918510039651991
2493,0.12450728868985025
2563,0.2634611487299658
2633,0.1653184563361317
2703,0.7183467447858728
2773,0.9563698330626289
2843,1.3180855118447217
2913,0.23099351582619249
2983,0.05679470878328031
3053,
3123,
3193,
39,
109,
179,
249,
319,0.06156162337052909
389,0.14157492325076698
459,
529,
599,
669,
739,
809,0.061643420499405605
879,0.15645132113279145
949,0.15683708883204137
1019,0.06248427332869034
1089,0.1530809430270133
1159,0.6834682226169124
1229,0.7233148270208996
1299,0.49310976579020765
1369,0.6417118294218617
1439,0.3907822244009209
1509,0.5127874411078961
1579,0.6096478519255709
1649,0.623877763644134
1719,0.6934796738239017
1789,0.8826094524135649
1859,0.7310435309412598
1929,0.543274978278237
1999,0.3824682710908206
2069,0.4410238255975896
2139,0.6921940933006366
2209,0.4853057101513154
2279,0.4298872430308627
2349,0.4779502047014406
2419,0.29729285952531914
2489,0.4570509457577441
2559,0.47986707689690433
2629,0.4004921114796646
2699,0.8600652034996107
2769,
2839,
2909,
2979,
3049,
3119,
3189,
32,
102,
172,
242,
312,0.1699784514323097
382,0.4689828035304997
452,0.0
522,
592,
662,
732,
802,
872,
942,
1012,
1082,
1152,
1222,
1292,
1362,
1432,
1502,
1572,
1642,
1712,
1782,
1852,
1922,
1992,
2062,
2132,
2202,
2272,
2342,
2412,
2482,
2552,
2622,0.01793189451034831
2692,0.12546479675932307
2762,
2832,0.0
2902,0.0
2972,0.0
3042,0.22176752564289443
3112,0.25252667949324226
3182,0.8493442172914718
3252,0.9576893714098055
28,
98,0.6306223309022988
168,0.3005683267576841
238,0.5226931151635313
308,0.31980158146468524
378,0.5212971213294343
448,0.7812112789822144
518,0.4508965713814027
588,0.533484379771483
658,0.5134662782461368
728,0.16823484118880758
798,0.08665560917406188
868,
938,
1008,
1078,
1148,
1218,
1288,
1358,
1428,
1498,
1568,
1638,
1708,
1778,
1848,0.12795211446989144
1918,0.24321368160514326
1988,0.26588506235329123
2058,0.26182377863649364
2128,0.4161087051796295
2198,
2268,
2338,
2408,
2478,0.31517433331413003
2548,0.22543276074229243
2618,0.2952748896998742
2688,0.2493469707120014
2758,0.11621370496061313
2828,
2898,0.2076545911348083
2968,0.6287051167331745
3038,0.5823484164627085
3108,0.3406987322701949
3178,0.32068417803742405
3248,0.2156916233618091
24,
94,0.5036339377722532
164,0.4181638411403237
234,0.4917128494970169
304,0.583324357897706
374,0.343681959830403
444,0.5395108036045998
514,0.06709427341728624
584,0.20179311506091155
654,1.1833368274765026
724,0.5282399446834274
794,0.5821020561962975
864,
934,
1004,
1074,
1144,0.4041618177342699
1214,
1284,
1354,
1424,
1494,0.3725253965104923
1564,0.5213417355927379
1634,
1704,
1774,
1844,
1914,
1984,
2054,0.6492634606410371
2124,0.38869684324175957
2194,0.09534868190329665
2264,0.10463065991451555
2334,
2404,0.2390171769446772
2474,0.5902309430242015
2544,0.3650078671998321
2614,0.4948278929653637
2684,0.19402070188352433
2754,0.8254029024531396
2824,
2894,0.31156243514733817
2964,0.7914423862244094
3034,0.40563555802228735
3104,0.2770364769432796
3174,0.5704268304203435
3244,0.6950959195740709
20,
90,0.43088953204536573
160,0.6059030015616492
230,0.4462887693689631
300,0.4819971778618331
370,0.04960742337876361
440,0.06485189843410324
510,0.1930017792428684
580,0.5422471696670884
650,0.15432630786808882
720,0.3839763478821865
790,0.546840498625824
860,0.6511230052862224
930,1.2556584523653722
1000,0.7962505624153392
1070,0.19319161925760978
1140,
1210,
1280,
1350,
1420,
1490,0.3350821341634409
1560,0.5192690654071117
1630,0.012262706944175654
1700,0.3479201465734386
1770,0.3118148106089849
1840,0.4439618931882967
1910,0.37146564328269543
1980,0.15130847999909444
2050,0.22523494068710523
2120,0.0
2190,
2260,
2330,0.4876529673256206
2400,0.41918473055338196
2470,0.357295839490576
2540,0.3831229733744146
2610,0.7180136077231088
2680,0.5740403008233986
2750,0.6126352267459677
2820,0.144167467852854
2890,0.12496918384611971
2960,0.1958293558113007
3030,0.7181664330972535
3100,
3170,
3240,
16,
86,
156,
226,
296,
366,
436,
506,
576,
646,
716,0.9373508768265141
786,1.086695043287923
856,0.16770879445032574
926,0.3553479821121964
996,0.18711879560950587
1066,0.5440056026214503
1136,0.6817320280937912
1206,0.3612697464171098
1276,0.647454885643339
1346,0.6243328235312297
1416,0.3695638560820579
1486,0.7345630262160464
1556,0.7519638078492481
1626,0.7282878345540826
1696,0.5510580105231621
1766,0.20463668426140447
1836,0.0
1906,
1976,0.5270831955884918
2046,0.23835603265894245
2116,0.5296260999118464
2186,0.7891030988557309
2256,0.7353594782644908
2326,0.947223123688612
2396,0.4904759283134223
2466,0.3710054311981875
2536,0.48630840165982603
2606,0.45431939117490105
2676,0.06957108725861531
2746,0.11688889353494133
2816,0.06333256173425138
2886,0.11752000219821683
2956,0.07689610414199398
3026,0.08174959385603613
3096,0.014394943967180522
3166,
3236,
12,
82,
152,
222,
292,
362,
432,
502,
572,
642,0.022447007574000914
712,0.03964981243786015
782,0.13079424111424878
852,0.22322838410382775
922,0.2963409456820677
992,0.17311956328137226
1062,0.169392627228923
1132,0.170133511448842
1202,0.16783038620103474
1272,0.7740628421252644
1342,0.37854568923315546
1412,0.2659563247382849
1482,0.42405625442331374
1552,0.33861461374643254
1622,0.46076812390090394
1692,0.8724979469157829
1762,0.7849017127156129
1832,0.4116554694154003
1902,0.7818461986534168
1972,0.7484349496680424
2042,0.6580505963233781
2112,0.4088442639716904
2182,0.449593732972518
2252,0.3711437986147292
2322,0.2520528295619606
2392,0.27943886222407677
2462,0.028338701595945044
2532,0.07749726796123343
2602,0.7491485322476744
2672,0.7658533717498983
2742,0.18118289833924778
2812,0.4245082213193585
2882,0.695052511761679
2952,0.6385307698862711
3022,0.16304940923368053
3092,0.11255739690453391
3162,
3232,
8,
78,
148,
218,
288,
358,
428,0.20772065888150232
498,0.26632230760520104
568,0.1837944073266268
638,0.151138162339925
708,0.10855815846918433
778,0.17757098188238574
848,0.20511498467890416
918,0.050776120441171135
988,0.23365477437072144
1058,0.26677626833880824
1128,0.2642577393498565
1198,0.4416134113702745
1268,0.3872593761507665
1338,0.8912099214170579
1408,0.2536813526994387
1478,0.8397951594078575
1548,0.5723306886988643
1618,0.458676904445185
1688,0.37261459969327043
1758,0.3890773027972786
1828,0.47566563188063493
1898,0.3762231314318301
1968,0.3927663557945839
2038,0.5857677797113334
2108,0.3243902340452504
2178,0.4151148258868088
2248,0.0926533499013762
2318,0.45171179352893237
2388,0.5063997504976604
2458,0.5842629744689779
2528,0.37513363806433864
2598,0.31434199712175814
2668,0.5774099516870657
2738,
2808,
2878,
2948,0.1027267178532378
3018,
3088,
3158,
3228,
4,
74,
144,
214,
284,
354,0.09389290095138912
424,0.16297412799130329
494,0.08713726280432413
564,
634,
704,
774,
844,
914,0.16263589318367433
984,0.11726182321670583
1054,0.08947397263864044
1124,0.24651490767179088
1194,0.4743145136029554
1264,0.7793104170900811
1334,0.7405444939732847
1404,0.5420098424428834
1474,0.5639782195378369
1544,0.7672519774826396
1614,0.5121943069277484
1684,0.6975309023584043
1754,0.7133658179548368
1824,1.1041581178849376
1894,0.37155933800878
1964,0.2761818709960805
2034,0.31168677463812977
2104,0.7414767459686235
2174,0.8625746401656263
2244,0.13159654295798134
2314,0.4932216583702254
2384,0.4337726769436608
2454,0.20999309903067956
2524,0.5136268331605769
2594,0.532252559980701
2664,0.8650600530379942
2734,0.10696826870676826
2804,
2874,
2944,
3014,
3084,
3154,
3224,
70,
140,
210,
280,
350,
420,
490,
560,
630,
700,
770,
840,
910,
980,
1050,
1120,
1190,
1260,
1330,
1400,
1470,
1540,
1610,
1680,
1750,
1820,
1890,
1960,
2030,
2100,
2170,
2240,
2310,
2380,
2450,
2520,
2590,
2660,
2730,
2800,
2870,
2940,
3010,
3080,
3150,
3220,
66,
136,
206,
276,
346,0.28176455548543317
416,0.549195116748316
486,0.09820379430241849
556,0.007206090731377847
626,0.0
696,
766,
836,
906,
976,
1046,
1116,
1186,
1256,
1326,
1396,
1466,
1536,
1606,
1676,
1746,
1816,
1886,
1956,
2026,0.041009624106726185
2096,
2166,
2236,
2306,
2376,
2446,
2516,
2586,0.21682176276859969
2656,0.18840334793694796
2726,
2796,0.0011150830154626225
2866,8.662459456214429E-4
2936,3.4145646443502453E-4
3006,0.10625047552496764
3076,0.432938031328347
3146,0.6347815128380438
3216,0.8175649006460423
62,0.3799454244649023
132,0.6463503754628184
202,0.3389077031749821
272,0.4621721278946789
342,0.27890941515358414
412,0.4149836223233008
482,0.49793746551859336
552,0.31857504296417727
622,0.8691396511373941
692,0.16678982877648485
762,0.30388871982607274
832,0.19040601858005485
902,
972,
1042,
1112,
1182,
1252,
1322,
1392,
1462,
1532,
1602,
1672,
1742,
1812,
1882,0.39323467230443976
1952,0.0
2022,0.06208121405853205
2092,0.16086235631153328
2162,0.1866221033060091
2232,
2302,
2372,
2442,
2512,0.2768701936478457
2582,0.7448682578956932
2652,0.34026657543832506
2722,0.3427210288902962
2792,0.0014761162442428369
2862,0.0
2932,0.3765035277229801
3002,0.533588546343278
3072,0.49634745622666226
3142,0.21868897486462968
3212,0.43338290234096427
58,
128,0.5415978097725622
198,0.32268254310302863
268,0.5161255706204577
338,0.4810518186170732
408,0.2155552910957638
478,0.48434328752533373
548,0.16247444855043874
618,0.7259534680661566
688,0.5372671236437786
758,0.6241263910491607
828,0.46522015258676375
898,
968,
1038,
1108,
1178,
1248,
1318,
1388,
1458,0.5043395519942029
1528,0.34507514235968884
1598,0.42633661171084913
1668,
1738,
1808,
1878,
1948,0.22109043666537023
2018,0.31839513677457487
2088,0.4754043677545438
2158,0.22035193163909528
2228,0.10958495987681238
2298,0.11496339705290329
2368,0.11625842641091515
2438,0.40002147150046286
2508,0.458840709834315
2578,0.2957586440938783
2648,0.03205634887874186
2718,0.6457770368412147
2788,0.19385422368671174
2858,0.20820234662340995
2928,0.49851041018648534
2998,0.539011808297889
3068,0.44174433246345074
3138,0.7370147794853916
3208,0.49515944380336413
54,0.09438792987869342
124,0.5294825680893547
194,0.5285262845934494
264,0.500954923729116
334,0.1987537888490588
404,0.36738322447407695
474,0.09311633735276517
544,0.326525757054072
614,0.24932883340793818
684,0.24742976228273683
754,0.771556002254174
824,0.8156961531785997
894,0.8432196529069891
964,0.7722704204433168
1034,0.44095246810750344
1104,
1174,
1244,
1314,
1384,
1454,
1524,0.3199997465678739
1594,0.09930755387587295
1664,0.0
1734,0.305797113723419
1804,0.33897525601555484
1874,0.5319193282245538
1944,0.1595807671967652
2014,
2084,
2154,0.43750554626804866
2224,0.6227408170289043
2294,0.43244125399185757
2364,0.3398495431268363
2434,0.48680899122961657
2504,0.3303822616896241
2574,0.5431160873635282
2644,0.5601986106594221
2714,0.669134621804057
2784,0.43444280223574483
2854,0.5659987363651884
2924,0.1462838635937998
2994,0.16474447800692202
3064,0.6145429951995591
3134,
3204,
50,
120,
190,
260,
330,
400,
470,
540,
610,
680,0.9056544850464086
750,1.017256773317369
820,0.21283842560166016
890,0.46258626256040974
960,0.3299292721861156
1030,0.28417618211029916
1100,0.77703923295904
1170,0.4590343223571567
1240,0.8682485642671369
1310,0.6418438590975938
1380,0.5071720344531774
1450,0.47405006368065483
1520,0.6201202608552653
1590,0.7268821951171901
1660,0.3096046078905164
1730,0.13650918312756458
1800,0.11364308591277184
1870,
1940,0.3666103264701551
2010,0.38259008127112365
2080,0.5556718778998087
2150,1.0605262485149913
2220,0.892173276732058
2290,0.7214252940541381
2360,0.4883981450697752
2430,0.2279375818428729
2500,0.18999209009039317
2570,0.7438682277132547
2640,0.20761720938451764
2710,0.2640678562892263
2780,0.12050439942331184
2850,0.1140874175412034
2920,0.13178766268897726
2990,0.028292186331980298
3060,0.06557319102874125
3130,0.003517540375567577
3200,
46,
116,
186,
256,
326,
396,
466,
536,
606,0.33442757958067876
676,0.13665233017328832
746,0.13069310922518232
816,0.1889580555411018
886,0.2604473997940246
956,0.16247542164416146
1026,0.20711427691970158
1096,0.20364366943074105
1166,0.3302319141642202
1236,0.4272169564141832
1306,0.6192411035436003
1376,0.564472518957405
1446,0.1806246137922584
1516,0.305551268180168
1586,0.2763550166530899
1656,0.27869082010322693
1726,0.9275565207422061
1796,1.1655954944132425
1866,0.834793936586666
1936,0.9368872949800091
2006,1.0110067655581392
2076,0.3776770013290073
2146,0.40462379673742194
2216,0.3540827132557497
2286,0.2458967395482618
2356,0.3020264429294023
2426,0.11767201344563784
2496,0.029817178808092978
2566,0.22667112337917372
2636,1.0716858167426038
2706,0.31433782031532403
2776,0.16305379003526346
2846,0.8155462776277078
2916,1.184454122441177
2986,0.26889338495113624
3056,0.15340023511849468
3126,
3196,
42,
112,
182,
252,
322,
392,0.09088699168396933
462,0.2059583436786494
532,0.25580303434705925
602,0.16559039022912614
672,0.10641726980571262
742,0.1898834142211677
812,0.19283572608525057
882,0.22014405410191878
952,0.25716794686020894
1022,0.38293712227837207
1092,0.17204713181006412
1162,0.23372485091935916
1232,0.4627097709052732
1302,0.2760692119845137
1372,1.1573847596445355
1442,0.5701070550382106
1512,0.4908255974890034
1582,0.3771006003235707
1652,0.5057515080660941
1722,0.3757377736627847
1792,0.36151230281921104
1862,0.40476658614593447
1932,0.7118677346775151
2002,1.002718154185476
2072,0.27584157683136173
2142,0.18681850133232825
2212,0.26639723574411883
2282,0.49402806226740087
2352,0.591938143147627
2422,0.46127737390682044
2492,0.37483610904237974
2562,0.17026634941854224
2632,
2702,
2772,
2842,
2912,
2982,
3052,
3122,
3192,
38,
108,
178,
248,
318,
388,0.11581114289053411
458,0.13367967810307027
528,0.15480245687983288
598,0.1351516665712987
668,0.14134025689504884
738,0.05969683577163812
808,0.03436356858651915
878,
948,0.16668522388502208
1018,0.08311167445916749
1088,0.16894612531495
1158,0.20158802092462152
1228,0.31926741686095306
1298,0.8584156695363274
1368,0.5499183585917587
1438,0.5207822338653292
1508,0.36582934627553804
1578,0.6425424994622172
1648,0.8243937081916342
1718,0.9666918669457258
1788,0.8453468590703654
1858,0.777887738488114
1928,0.27180200621753897
1998,0.6214491317259516
2068,0.6100135343186548
2138,0.46782355224553
2208,0.36213833192299877
2278,0.7436691183883201
2348,0.6944875734596573
2418,0.2699922572621973
2488,0.49946804937433414
2558,0.7302475868662702
2628,0.8371657847715613
2698,0.22992772945600456
2768,
2838,
2908,
2978,
3048,
3118,
3188,
35,
105,
175,
245,
315,
385,
455,
525,
595,
665,
735,
805,
875,
945,
1015,
1085,
1155,
1225,
1295,
1365,
1435,
1505,
1575,
1645,
1715,
1785,
1855,
1925,
1995,
2065,
2135,
2205,
2275,
2345,
2415,
2485,
2555,
2625,
2695,
2765,0.14001458511366113
2835,0.07015297498275033
2905,7.447940223925519E-4
2975,
3045,
3115,
3185,
3255,
31,
101,0.0
171,0.0
241,
311,0.06116847832957747
381,0.4406818081550973
451,0.22495073654816347
521,0.41309579444480515
591,0.12470304193898055
661,0.004177161712183266
731,
801,
871,
941,
1011,
1081,
1151,
1221,
1291,
1361,
1431,
1501,
1571,
1641,
1711,
1781,0.22801666383023603
1851,
1921,
1991,0.10185392701749635
2061,0.05275643946045091
2131,
2201,
2271,
2341,
2411,
2481,
2551,0.2852584684266162
2621,0.4244101375116398
2691,0.17478505026223698
2761,0.0
2831,2.7460976689582076E-4
2901,0.0
2971,0.005756673805323804
3041,0.4179381041752281
3111,1.337160773653168
3181,1.0732539685475304
3251,0.20730210813192074
27,0.4257847511080126
97,0.2922943653941532
167,0.48340017523992396
237,0.3831542148238936
307,0.16773513147953226
377,0.13892797972667162
447,0.4906202053567583
517,0.1549459683252543
587,0.24609777893306026
657,0.20154311084739554
727,0.2892144732498044
797,0.34508909470338867
867,
937,0.4449136664926794
1007,
1077,
1147,
1217,
1287,
1357,
1427,
1497,0.14063939562873623
1567,
1637,
1707,
1777,
1847,
1917,
1987,0.010959281676384408
2057,0.0
2127,0.488929743430844
2197,0.025984695062717965
2267,
2337,
2407,
2477,0.287869366069135
2547,0.3813963702679694
2617,0.5441921864615433
2687,0.5476272190437576
2757,0.31499219380981897
2827,0.0011277258344522007
2897,0.357847050663865
2967,0.4193900911314969
3037,0.37772573054577274
3107,0.346235795768174
3177,0.43617055430751595
3247,0.41340224666118164
23,
93,0.3417790587361221
163,0.46387028653962
233,0.15568425380905698
303,0.4738815661726531
373,0.17585507652660287
443,0.23435454229647604
513,0.2909608731917952
583,0.3879809720076855
653,0.7766843697748425
723,0.21430525708970977
793,0.5900416842829111
863,0.2910296200683966
933,
1003,
1073,
1143,
1213,
1283,
1353,
1423,
1493,0.1682191435740327
1563,0.5099642135365265
1633,
1703,
1773,
1843,0.06283441991526396
1913,0.2950048388520855
1983,0.2324000677422865
2053,0.3929982327953267
2123,0.17252380539669845
2193,0.2704059545538928
2263,0.0833210040583463
2333,
2403,0.10565143344129496
2473,0.33628023770064086
2543,0.2818636598957178
2613,0.157757743317569
2683,0.40805749951242687
2753,0.3213531163806072
2823,0.21133640624099814
2893,0.6084324386981852
2963,0.41222411503105855
3033,0.2788800696879869
3103,0.5575008696519616
3173,0.35334586836160414
3243,0.43143341812542624
19,
89,0.5392209533755411
159,0.4390197591245908
229,0.49208654398699986
299,0.5702373585345254
369,0.5609751562274716
439,0.440664921301944
509,0.3254293800522907
579,0.3573664040125759
649,0.3260729716998472
719,0.8184520829678454
789,0.43515306446088486
859,0.4647937010620411
929,0.5869604292861119
999,0.8031280379998726
1069,0.05717574389125755
1139,
1209,
1279,
1349,
1419,
1489,
1559,0.33769005096802374
1629,0.4172331421546664
1699,0.3624809055341474
1769,0.38836067620787734
1839,0.4075326763857462
1909,0.3284104221031652
1979,
2049,
2119,0.09488190909537293
2189,0.679071456647318
2259,0.230389264570648
2329,0.5196845615786907
2399,0.7516837560362201
2469,0.4415709664265092
2539,0.655763422828511
2609,0.871250415516261
2679,0.37253178863087566
2749,0.7190943896492769
2819,0.6030825717942557
2889,0.7868387183127352
2959,0.44065497743646415
3029,0.4443923296272206
3099,
3169,
3239,
15,
85,
155,
225,
295,
365,
435,
505,
575,
645,
715,1.0214920007665467
785,0.23656763712950804
855,0.3499397877572173
925,0.470116791706172
995,0.3376580227165658
1065,0.5021261907054654
1135,0.7749404543687122
1205,0.40286920814443195
1275,0.6228889195095094
1345,0.5290512888161457
1415,0.08797942595990646
1485,0.3027770490232767
1555,0.5490821293130665
1625,0.17008155248669793
1695,0.04784176074935582
1765,0.0442686737764306
1835,
1905,0.3388068440938966
1975,0.42751818099188454
2045,0.7909125345681731
2115,0.7575977710979934
2185,0.565858482412681
2255,0.5434924146063722
2325,0.4428558338299417
2395,0.19426184554426199
2465,0.21084816400010037
2535,0.3294973930801815
2605,0.7517125169093931
2675,0.46170372659555586
2745,0.461768211615834
2815,0.2558030221716624
2885,0.17524381154507346
2955,0.05039005527271242
3025,0.03363649710145533
3095,0.14982564270498347
3165,0.022574074041494405
3235,
11,
81,
151,
221,
291,
361,
431,
501,
571,
641,0.15040509699382337
711,0.12340004490769668
781,0.13968309709696425
851,0.3236536020919292
921,0.29575881636890455
991,0.21986732278229018
1061,0.28463528248500425
1131,0.33332182369048236
1201,0.26563270886047746
1271,0.8048383809502698
1341,0.33451229012296524
1411,0.4802519299785094
1481,0.18055581681387778
1551,0.39271905037439647
1621,0.3021329770942377
1691,0.40689271192543586
1761,0.7892252114564503
1831,0.8125648808426592
1901,0.8767155427071387
1971,0.8609299405913026
2041,0.6819318358823545
2111,0.5396551661574899
2181,0.36144016642989907
2251,0.21089099239635206
2321,0.15099829614901236
2391,0.24727288918159301
2461,0.029711940660701312
2531,0.08838819416780012
2601,0.5081134236840649
2671,0.6568068578348552
2741,0.09660340330283655
2811,0.5046809441074717
2881,0.9272355473711948
2951,0.2813882177442498
3021,0.25333908979333897
3091,0.09071530509781844
3161,
3231,
7,
77,
147,
217,
287,
357,
427,0.09387479691371965
497,0.22859977509546048
567,0.17102987800461186
637,0.08412430220712823
707,0.15193903125031283
777,0.24868947104916528
847,0.3178404578675594
917,0.2810875992739143
987,0.15234267278862818
1057,0.17254933838840936
1127,0.0805573472135258
1197,0.3954385779971045
1267,0.43084930429216034
1337,0.2728195574668929
1407,0.3048095091507684
1477,1.0638524907021265
1547,0.3160860873734715
1617,0.5552426602148012
1687,0.49777366576581217
1757,0.5780133853496953
1827,0.3674264899735122
1897,0.9914931311694434
1967,0.8456855350893698
2037,0.5644506250784376
2107,0.15921197627012892
2177,0.47789888627170357
2247,0.4321827717213196
2317,0.741142714953321
2387,1.0256411349068633
2457,0.7664355352755726
2527,0.4171179217088272
2597,0.5212491290391799
2667,
2737,
2807,
2877,
2947,
3017,
3087,
3157,
3227,
3,
73,
143,
213,
283,
353,
423,0.13126154703885712
493,0.15957398534583872
563,0.09412520872248112
633,0.21286487720582806
703,0.13815678720325725
773,0.11043270692167859
843,0.1981353055846882
913,0.24430535759254907
983,0.09754016402897779
1053,0.056255584801431946
1123,0.1477290375536382
1193,0.13547452106510433
1263,0.262294330881876
1333,0.2467329609507326
1403,0.6523986594646949
1473,0.710405870748638
1543,0.5827646472693182
1613,0.6724274558159099
1683,0.7179897445251323
1753,0.6146729864961116
1823,0.4250616234788537
1893,0.6175948831987832
1963,0.784853916422149
2033,0.988925346168406
2103,0.5178763793638353
2173,0.13240370750241265
2243,0.7960958882553012
2313,0.7784243790659281
2383,0.68596561108033
2453,0.5909543280315358
2523,0.31884516649723027
2593,0.7070902574452433
2663,0.36211358204284133
2733,0.16744029224486368
2803,
2873,
2943,
3013,
3083,
3153,
3223,
69,
139,
209,
279,
349,
419,
489,
559,
629,0.0
699,
769,
839,
909,
979,
1049,
1119,
1189,
1259,
1329,
1399,
1469,
1539,
1609,
1679,
1749,
1819,
1889,
1959,
2029,
2099,
2169,
2239,
2309,
2379,
2449,
2519,
2589,
2659,
2729,0.17393475121169322
2799,0.13450255543118306
2869,0.12677282850888277
2939,0.1044808781492148
3009,
3079,
3149,
3219,
65,
135,0.09872737294774143
205,0.19656035639241712
275,0.5170341522921883
345,0.0450973882703765
415,0.18796309604231057
485,0.15734936424292537
555,0.4003713846809058
625,0.09046781078404251
695,
765,
835,
905,
975,
1045,
1115,
1185,
1255,
1325,
1395,
1465,
1535,
1605,
1675,
1745,
1815,
1885,
1955,0.05247610816848382
2025,0.2423844046680316
2095,
2165,
2235,
2305,
2375,
2445,
2515,0.27408213011029553
2585,0.41296057268187936
2655,0.32744291834445893
2725,0.0
2795,0.005064442095347692
2865,0.003724129255527592
2935,0.0
3005,0.08734029424086438
3075,1.005044884757766
3145,1.1315676751885049
3215,0.35549136627373057
61,0.17915593704890065
131,0.6740893362785532
201,0.24692011515956286
271,0.3752607438543972
341,0.1446595902291501
411,0.45813667182652423
481,0.276313300078672
551,0.0642494840779913
621,0.149033679693324
691,0.16645504643975814
761,0.33948519907816904
831,0.21692012098227473
901,0.7266767727243526
971,
1041,0.32408313984390297
1111,
1181,
1251,
1321,
1391,
1461,0.074202648681984
1531,0.4559212829639789
1601,0.008271096047847613
1671,
1741,
1811,
1881,
1951,
2021,
2091,0.015646792857892815
2161,0.48827658748707015
2231,
2301,
2371,
2441,0.19317343872504014
2511,0.2624939354067996
2581,0.8056598625217142
2651,0.3353688442209364
2721,0.6444394871468054
2791,0.28366767687344385
2861,
2931,0.720455994694156
3001,0.5059642143547106
3071,0.6397314139519475
3141,0.5740105708357146
3211,0.8818504576460083
57,
127,0.42892141189488964
197,0.2975553370513627
267,0.3000323277937429
337,0.23890982640530498
407,0.07898863575515704
477,0.3714174186442794
547,0.4982017157349138
617,0.4411494246485174
687,0.22447304541898921
757,0.24884267163986346
827,0.7272575563098916
897,0.42703785176035786
967,0.6249636529141162
1037,
1107,
1177,
1247,
1317,
1387,
1457,0.09213734948724417
1527,0.4320458872258836
1597,0.17131216479078762
1667,
1737,
1807,
1877,0.1419746043555406
1947,0.14139633519338046
2017,0.37486873191970266
2087,0.15477358071832764
2157,0.13738080931779537
2227,0.0840954781708577
2297,
2367,0.11420589378311065
2437,0.4427540497332225
2507,0.46042436070167164
2577,0.5532016593306316
2647,0.1540256575626981
2717,0.23909037240468523
2787,0.3975392347932643
2857,0.17831310411042683
2927,0.4341247328828923
2997,0.10487409224188043
3067,0.08882012553786114
3137,0.2629698947974065
3207,0.5809847964638676
53,0.5484736568894615
123,0.5229199613929146
193,0.5265692059313033
263,0.4197862988786409
333,0.342172145534674
403,0.44997842655328596
473,0.3680849253983418
543,0.5296098619698392
613,0.6412043229619016
683,0.645840844637862
753,0.47832497380907335
823,0.4004827529259451
893,0.5304801453449861
963,0.5200640168963319
1033,0.3230714693854259
1103,
1173,
1243,0.4996743158935179
1313,0.9508235767019949
1383,
1453,
1523,
1593,0.0011680668493643021
1663,0.5280774763578554
1733,0.45499024788370607
1803,0.31623418470689457
1873,0.3461510145160262
1943,0.12762874136937613
2013,
2083,0.31003723750509865
2153,0.6545422951679774
2223,0.2566261614590409
2293,0.29948557329326314
2363,0.6361121737849493
2433,0.5921918341250231
2503,0.4796542800835384
2573,0.42389006883393004
2643,0.5820243322289107
2713,0.617904622621928
2783,0.6509195880179421
2853,0.5504998429008734
2923,0.7247402532857546
2993,0.5485069158610054
3063,0.53168155015837
3133,
3203,
49,
119,
189,
259,
329,
399,
469,
539,
609,
679,0.0
749,0.4116642873016781
819,0.5949868749185822
889,0.5507953068995388
959,0.5667024662943967
1029,0.2717280222275917
1099,0.4851461055492182
1169,0.7611702907684162
1239,0.7805460871252015
1309,0.1690776217936803
1379,0.5054320441499573
1449,0.2973231027502613
1519,0.13070758397745022
1589,0.10660086796669184
1659,0.04962679612959876
1729,0.03600695793668116
1799,0.042568762196523426
1869,
1939,0.4996606474128772
2009,0.810018696579981
2079,0.5366616273909361
2149,0.5964120374234781
2219,0.42579457753433725
2289,0.39754219126615997
2359,0.26935506814901783
2429,0.07529953184898631
2499,0.13709564079975323
2569,0.7148549763844516
2639,0.6238704104458227
2709,0.5123530283844951
2779,0.5295963710423857
2849,0.5597409017532229
2919,0.25547778729983117
2989,0.024366265160746855
3059,0.08729763136063214
3129,0.09813077862775452
3199,0.008359589985529577
45,
115,
185,
255,
325,
395,
465,
535,
605,0.09863219870917987
675,0.1259556233791113
745,0.10200235870023058
815,0.2810958337809523
885,0.285965628178454
955,0.17871060179627113
1025,0.20948024821294076
1095,0.39235214232381554
1165,0.34676246281796486
1235,0.38635578506118395
1305,0.6862689316489952
1375,0.36983347219653534
1445,0.4919406344762441
1515,0.34508187147670816
1585,0.45802847822745035
1655,0.3669586004735347
1725,0.6105542478628668
1795,0.2646048057161359
1865,0.4202664061849201
1935,1.216571717309723
2005,1.1320870162894958
2075,0.6049652853374938
2145,0.43049729470806297
2215,0.4546545056153914
2285,0.08771561989047384
2355,0.21131390027708302
2425,0.12737407026037084
2495,0.055368832778295074
2565,0.18579631613870246
2635,0.49067854164640684
2705,0.29492870763232526
2775,0.2027319504256811
2845,1.1326751940795305
2915,0.792327036768585
2985,0.24611902362814042
3055,0.25252088057305155
3125,
3195,
41,
111,
181,
251,
321,
391,
461,0.0
531,0.09047755267973744
601,0.08579071721857817
671,0.14626397966822582
741,0.166734966748358
811,0.19102018686771394
881,0.22011182695500692
951,0.22324833205460695
1021,0.25180735366042406
1091,0.31028957300239535
1161,0.1627758613598624
1231,0.41771458381045556
1301,0.21119338759252637
1371,0.3991525305611589
1441,0.5251504102143469
1511,0.3404533048845051
1581,0.7021951843465941
1651,0.4041071516677098
1721,0.5830133263871669
1791,0.5666852709538754
1861,1.2163285630175114
1931,0.767948928424219
2001,0.973640945159742
2071,0.46125634747453037
2141,0.15804844266263432
2211,0.3877391523858512
2281,0.7228510112878429
2351,0.7924968511258073
2421,0.7417295344225209
2491,0.6280456292153004
2561,0.5719109583722042
2631,1.0474043748487427
2701,
2771,
2841,
2911,
2981,
3051,
3121,
3191,
37,
107,
177,
247,
317,
387,
457,0.15318591583100602
527,0.11857383534296169
597,0.10586314761851814
667,0.23917288997123248
737,0.30773610278292984
807,0.26817171183939925
877,0.1203821057829492
947,0.12540773098880487
1017,0.04163040279389174
1087,0.10905207668521491
1157,0.24181177826064945
1227,0.41210032627328463
1297,0.18612071100698757
1367,0.4130398333227251
1437,1.0064149213089808
1507,0.6476887438689747
1577,0.7386930657136198
1647,0.3344663829387876
1717,0.3178832906030601
1787,0.1414714351040016
1857,0.2531702354057832
1927,0.6537071775911656
1997,0.453494577306634
2067,0.524665048621623
2137,0.17092728544109978
2207,0.43872726475449786
2277,0.48756336267770917
2347,0.5434546863735905
2417,0.820458730874763
2487,0.7321492605328576
2557,0.4826138707091403
2627,0.15804885480035794
2697,0.26474841136941263
2767,
2837,
2907,
2977,
3047,
3117,
3187,
34,
104,
174,
244,
314,
384,
454,0.0
524,0.0
594,0.014141744236303645
664,
734,
804,
874,
944,
1014,
1084,
1154,
1224,
1294,
1364,
1434,
1504,
1574,
1644,
1714,
1784,
1854,
1924,
1994,
2064,
2134,
2204,
2274,
2344,
2414,
2484,
2554,
2624,
2694,
2764,0.2964087722569567
2834,0.1676935684944759
2904,0.2038833811707322
2974,0.0
3044,
3114,
3184,
3254,
30,
100,0.28614059628345573
170,0.24444326839224878
240,0.38158877208315695
310,0.20506100462020976
380,0.10351469759068187
450,0.0592345658486941
520,0.2520804049428561
590,0.48535962049514464
660,0.04504614514092699
730,
800,
870,
940,
1010,
1080,
1150,
1220,
1290,
1360,
1430,
1500,
1570,
1640,
1710,
1780,
1850,
1920,0.06950276168428925
1990,0.18962594119889484
2060,0.11523337922609124
2130,
2200,
2270,
2340,
2410,
2480,
2550,0.25638922886135146
2620,0.6150879873817297
2690,0.16226084213916828
2760,0.0
2830,0.0
2900,6.66324012379241E-4
2970,0.026949408855681138
3040,0.6526824033847182
3110,1.1297992308985498
3180,0.7206039921469167
3250,0.3612232234145922
26,0.0
96,0.25311781081977974
166,0.5242674649577143
236,0.4109526776132012
306,0.4004756582524928
376,0.32447274447150376
446,0.4375676503967257
516,0.1473336525454507
586,0.07634919036211597
656,0.08182547614219612
726,0.6732698463848527
796,0.08654919837814597
866,
936,0.7567095612215022
1006,0.6288026253777386
1076,0.2993555867468254
1146,
1216,
1286,
1356,
1426,
1496,0.29686734849251106
1566,0.30486968817231236
1636,
1706,
1776,
1846,
1916,
1986,
2056,
2126,0.5999085178864041
2196,0.138074829588876
2266,
2336,
2406,0.16869858382389893
2476,0.3009326384640514
2546,0.6219288253020184
2616,0.09237309505818317
2686,0.6127031692336484
2756,0.1770201783346543
2826,0.0
2896,0.13086189618095023
2966,0.31015967926862476
3036,0.5851583749739733
3106,0.8633416752098109
3176,0.9638473001556047
3246,0.4255231233831263
22,
92,0.19014509053841905
162,0.33684297635860194
232,0.22842105654819744
302,0.23504142214160348
372,0.08184795533423547
442,0.6143925585698069
512,0.4173792325806044
582,0.22215324027233416
652,0.3014936737222987
722,0.22716455528849702
792,0.1085498134724939
862,0.6435229016068369
932,0.5796583420943192
1002,0.06535837686892093
1072,
1142,
1212,
1282,
1352,
1422,
1492,0.156507424149558
1562,0.356221777676674
1632,
1702,
1772,
1842,0.1699046099595299
1912,0.3286271011651867
1982,0.4394291358909638
2052,0.11206969433657797
2122,0.18887846376639328
2192,0.08274907198756318
2262,
2332,
2402,0.22883074231964806
2472,0.44468923615106287
2542,0.15188922187628037
2612,0.6260436394550923
2682,0.41622503173703906
2752,0.4613738751890387
2822,0.5022592311366255
2892,0.6481179037078271
2962,0.12125049841398985
3032,0.01914564590638679
3102,0.4486175645875135
3172,0.6748248843174618
3242,0.35917710131916575
18,
88,0.5988241627971834
158,0.5292707288794147
228,0.6134954195119181
298,0.4047288283032374
368,0.4489885057612913
438,0.35906287195663844
508,0.26368302531383286
578,0.7757571135798528
648,0.5578001304572365
718,0.3458344237629266
788,0.29308050910473005
858,0.28851600631693386
928,0.19446094501009628
998,0.5488091272133991
1068,0.11654244705074633
1138,0.04914699185867269
1208,0.19971151370613147
1278,0.8588524145239487
1348,0.7518835614664292
1418,
1488,
1558,0.010194669170417692
1628,0.6045766615682017
1698,0.6523760276874764
1768,0.29051849763635823
1838,0.3596849711548845
1908,0.08211518748753342
1978,
2048,
2118,0.386476132448595
2188,0.3492444402895475
2258,0.25545705310120936
2328,0.7864521510340295
2398,0.8116258620502839
2468,0.7462854400388145
2538,0.5537543386197648
2608,0.645498876013984
2678,0.474243322974923
2748,0.30969480463956073
2818,0.2542478002501609
2888,0.3244934188253026
2958,0.27273805019761654
3028,0.19806039752448604
3098,0.07526636910758588
3168,
3238,
14,
84,
154,
224,
294,
364,
434,
504,
574,
644,
714,0.8443420369909977
784,0.5154092818188207
854,0.5754803483761034
924,0.3620344799045579
994,0.4042531540822216
1064,0.4668068846844753
1134,0.6073498040826908
1204,0.2911180387172456
1274,0.5558654996856629
1344,0.26256418500574547
1414,0.33551173050581096
1484,0.0736201321707722
1554,0.06194132485107608
1624,0.026619225125674422
1694,0.057260848069683644
1764,0.03588265955137502
1834,0.0
1904,0.42408950380313537
1974,0.7084415556330408
2044,0.7873078680811676
2114,0.6661327017472406
2184,0.5576265367086057
2254,0.5207988079032053
2324,0.24205473886627188
2394,0.16573920929110808
2464,0.029321983836748684
2534,0.19059355400469616
2604,0.5896575680028067
2674,0.6281114692369073
2744,0.6774355673410147
2814,0.6041907874642666
2884,0.7175989888733736
2954,0.3339697925291869
3024,0.02110696050698286
3094,0.2640369000192882
3164,0.06119274212976454
3234,
10,
80,
150,
220,
290,
360,
430,
500,
570,0.11284410262301553
640,0.15023500062449122
710,0.09971999552624872
780,0.23883078717593997
850,0.25078538582894117
920,0.430834853760172
990,0.4781700953987947
1060,0.4519276977690014
1130,0.6530885246075415
1200,0.3955179122302568
1270,0.46346118519728585
1340,0.5419763472017798
1410,0.4968583683446685
1480,0.3064706666664903
1550,0.44130196683095113
1620,0.5566200770873468
1690,0.8039779337163783
1760,0.5196271920935627
1830,0.4656250677484235
1900,0.7795830151928173
1970,0.9005760330815926
2040,0.8422171967122891
2110,0.745360271109462
2180,0.29033368107258184
2250,0.4232746814529642
2320,0.12613519742363563
2390,0.2709779155004641
2460,0.0738197793658399
2530,0.04405041232589465
2600,0.2687205029232214
2670,0.37584204926666825
2740,0.3602813376509972
2810,1.082835452405475
2880,1.2800106082180487
2950,0.22775268041033456
3020,0.17389359463329157
3090,
3160,
3230,
6,
76,
146,
216,
286,
356,
426,
496,
566,0.09632766867450372
636,0.09302211818903382
706,0.12071076402045304
776,0.10466522042072501
846,0.26561313692724364
916,0.26795383762082164
986,0.3397694303824633
1056,0.2764289210196491
1126,0.16919882485837304
1196,0.43559306262074593
1266,0.2618481564350498
1336,0.39598917729731187
1406,0.7818819255831688
1476,0.346562868255396
1546,0.39691155680753726
1616,0.40498831647829064
1686,0.7378110227587941
1756,0.777306944112529
1826,0.8240075505132485
1896,0.7207425183543206
1966,0.6062250509859269
2036,0.6804318159713822
2106,0.5634068785454799
2176,0.34077420320206564
2246,0.8681022676370054
2316,0.7300826550508516
2386,0.6448190083897992
2456,0.8076537148093297
2526,0.579088219277917
2596,0.9429004754436195
2666,
2736,
2806,
2876,
2946,
3016,
3086,
3156,
3226,
2,
72,
142,
212,
282,
352,
422,0.08136760694676125
492,0.12779156764975022
562,0.05711618043400397
632,0.07906100009061222
702,0.20248024020605726
772,0.21269787477432484
842,0.11701166240775814
912,0.038099153976296485
982,0.10273973221617236
1052,0.10495675437025855
1122,0.12190631535230032
1192,0.43439328670927757
1262,0.26714646940599557
1332,0.1552607459522123
1402,0.6449904658442744
1472,0.9381776055668356
1542,0.35437400555302406
1612,0.40365335606535024
1682,0.16276351146453993
1752,0.09390469203892123
1822,0.24833554638913266
1892,0.4571476245675696
1962,0.6145853266870396
2032,0.9357254759592004
2102,0.34548501125695097
2172,0.421374162844813
2242,0.4476656367309145
2312,0.6137740975903001
2382,0.558625591317365
2452,1.0457291522929586
2522,0.5401125235766809
2592,0.18945109448682457
2662,0.3095669603286945
2732,0.1548400122991019
2802,
2872,
2942,
3012,
3082,
3152,
3222,
68,
138,
208,
278,
348,
418,
488,
558,
628,
698,
768,
838,
908,
978,
1048,
1118,
1188,
1258,
1328,
1398,
1468,
1538,
1608,
1678,
1748,
1818,0.019645879488783123
1888,
1958,
2028,
2098,
2168,
2238,
2308,
2378,
2448,
2518,
2588,
2658,
2728,0.24329221817448268
2798,0.2118918915955997
2868,0.0977908310839166
2938,0.019115873913850296
3008,0.07076203906350044
3078,
3148,
3218,
64,
134,0.3489354607285561
204,0.3017407150789413
274,0.4619424166214149
344,0.1704430723238266
414,0.05403408396146551
484,0.08350983808095865
554,0.1566326567986964
624,0.30857630618245374
694,0.10377699962991208
764,0.08618067395767004
834,
904,
974,
1044,
1114,
1184,
1254,
1324,
1394,
1464,
1534,
1604,
1674,
1744,
1814,0.02225163953627202
1884,0.1774820684946906
1954,0.11157691938134374
2024,0.2495556233382871
2094,
2164,
2234,
2304,
2374,
2444,
2514,0.18903411134730977
2584,0.5337009908081284
2654,0.17937478818307198
2724,0.26781099768538913
2794,0.002082178692771146
2864,2.0868677062806342E-4
2934,0.49363453885222125
3004,0.21689598901940516
3074,0.7517624352479936
3144,0.6396007283648134
3214,0.5015618818895673
60,0.2413015088046152
130,0.3693977577107285
200,0.30215002199965957
270,0.36580760226555026
340,0.4093602088941448
410,0.4605530855638372
480,0.38975410145398
550,0.016986123281232397
620,0.10460057956019773
690,0.5626408024059131
760,0.2119687283962019
830,
900,
970,
1040,0.3096752236012908
1110,
1180,
1250,
1320,
1390,
1460,
1530,0.09061456706126854
1600,0.348428897996614
1670,
1740,
1810,
1880,
1950,
2020,
2090,0.5971415955019982
2160,0.6444110324269285
2230,
2300,
2370,
2440,0.20626755846015432
2510,0.4846708699577293
2580,0.10156240933977978
2650,0.18982078788825138
2720,
2790,0.21786183235206913
2860,
2930,0.45876464310278586
3000,0.7357212686111525
3070,0.3446536553130865
3140,1.0885346184277063
3210,0.694928571390572
56,
126,0.34894351551819813
196,0.39215851510527255
266,0.24435830276432466
336,0.11474752315908385
406,0.22962972458299002
476,0.2926955420727825
546,0.2712108693209043
616,0.25830900275430685
686,0.2516477480095258
756,0.03647058002316598
826,0.2604531898669138
896,0.37226098912169475
966,0.6934863633695723
1036,0.7268717503595484
1106,
1176,
1246,
1316,
1386,
1456,
1526,0.5334028152164896
1596,
1666,
1736,
1806,0.29155151032190446
1876,0.30824433806349477
1946,0.5914868567821033
2016,0.23347723230357206
2086,0.07670758500330323
2156,
2226,
2296,
2366,0.1828668852352449
2436,0.5096545708659225
2506,0.7123121505418376
2576,0.2617938574081675
2646,0.5703150729741716
2716,0.6724306140893342
2786,1.2496421303372365
2856,0.653768407368068
2926,0.40570774904852425
2996,0.04178827543043185
3066,0.5700776532890596
3136,0.22797376588071613
3206,
52,
122,0.29402128717794235
192,0.5596904592813682
262,0.47909115060501534
332,0.33918390622044325
402,0.33941140654712054
472,0.2774627282586786
542,0.4289399929269482
612,0.6580493065285341
682,0.5010930500756131
752,0.29353613050145294
822,0.22205361256075892
892,0.14636042725312
962,0.20547063557628592
1032,0.678904845063152
1102,0.27855287981870785
1172,0.05423063804330936
1242,0.46734670746805795
1312,1.0236526003074113
1382,0.4432549606030053
1452,
1522,
1592,0.32481764092910687
1662,0.3674515374567925
1732,0.5741746706431805
1802,0.5204110714375006
1872,0.10671752848490451
1942,
2012,
2082,0.11228315462083363
2152,0.2639428788426589
2222,0.3999064829865831
2292,0.6369576834760284
2362,0.9111052062929378
2432,0.7077890781808959
2502,0.5724638306890812
2572,0.42195450619417807
2642,0.5369791592181882
2712,0.10964947937153366
2782,0.13573038124304337
2852,0.10540183321454359
2922,0.31266996693986104
2992,0.2277569686675103
3062,0.17348792752578315
3132,0.028675636739559064
3202,
48,
118,
188,
258,
328,
398,
468,
538,
608,
678,
748,0.16076624866919734
818,0.3134623349407794
888,0.3664912345973469
958,0.8948493880471203
1028,0.40566912665361876
1098,0.9890186837708453
1168,0.3604744671482208
1238,0.26642308700210376
1308,0.47288437463146327
1378,0.1543843618630853
1448,0.3397733157534131
1518,0.19276587885302754
1588,0.0643469935741309
1658,0.14297383000196978
1728,0.1253360428392242
1798,0.03543146931084113
1868,0.05524719795562323
1938,0.7985876476274091
2008,1.102614694741421
2078,0.613226639435592
2148,0.5204548484084489
2218,0.7121516084874526
2288,0.20816213598226718
2358,0.07812326642349489
2428,0.0374170748019996
2498,0.029350115919216525
2568,0.4435303376997377
2638,0.6210786294030007
2708,1.1546370402031043
2778,0.6678423121513862
2848,0.789936036505843
2918,0.953240013255034
2988,0.17944420369347971
3058,0.049097391641293876
3128,0.1288700673435562
3198,0.07485024526003255
44,
114,
184,
254,
324,
394,
464,0.03154381467686299
534,0.3228131125088036
604,0.23910766681184736
674,0.1589412173132713
744,0.16742455334180228
814,0.49910681484603575
884,0.28648186219036026
954,0.9405448683053274
1024,0.3097669190617537
1094,0.44259316997622755
1164,0.31106745072180686
1234,0.36917798073008284
1304,0.4726604955329459
1374,0.3938371100827033
1444,0.577108408741038
1514,0.4057615557747753
1584,0.4152186868961322
1654,0.664615594887002
1724,0.952997299425228
1794,0.708368679329522
1864,0.7645202196952237
1934,0.7730915706218102
2004,1.0184874981748322
2074,1.0841323617379728
2144,0.34780571213053524
2214,0.2574384886890304
2284,0.3516201135457783
2354,0.2922171878289777
2424,0.05433753163395427
2494,0.051079467702907715
2564,0.35830347305693067
2634,0.18799151252783022
2704,0.47522821027234174
2774,0.6776624550562942
2844,1.1501720878175197
2914,0.3108824750643852
2984,0.06960149370031815
3054,
3124,
3194,
40,
110,
180,
250,
320,
390,
460,
530,
600,0.09126233577263183
670,0.19977593030421792
740,0.0743621452597087
810,0.13132404662279665
880,0.2595339277748593
950,0.16242799856194048
1020,0.29733236453424994
1090,0.2528158024924669
1160,0.19985355200910612
1230,0.45038595294329403
1300,0.335341678442775
1370,0.6059033379810016
1440,0.6081538905350937
1510,0.79364113893493
1580,0.32883489793271603
1650,0.5596237428598978
1720,0.7974527616933351
1790,0.8925760551687616
1860,0.5343436781095886
1930,0.598807329890983
2000,0.6130060925919575
2070,0.647356294908327
2140,0.7717629469368408
2210,0.3645521142552519
2280,0.9958085303231037
2350,1.001112125488195
2420,0.8033262163034309
2490,0.8149495051339049
2560,0.6624909641214184
2630,0.9306473995976801
2700,
2770,
2840,
2910,
2980,
3050,
3120,
3190,
36,
106,
176,
246,
316,0.0
386,0.10139066481205242
456,0.13472235558494774
526,0.135627340693335
596,0.08205736079047585
666,0.12364708539561094
736,0.23636986239272195
806,0.11559935777071167
876,0.11181296826854503
946,
1016,0.07023335527061754
1086,0.0496929762917383
1156,0.23175272892684665
1226,0.2992114387993234
1296,0.2100569476689273
1366,0.2611723816968907
1436,0.45399685845651483
1506,0.5090089994027467
1576,0.595164328116224
1646,0.5645072833715563
1716,0.1900163709553115
1786,0.2145673849438075
1856,0.5083826745223612
1926,0.8001271318631368
1996,1.1410435628151425
2066,0.769579989067208
2136,0.531931954502771
2206,0.6385551552155202
2276,0.46812511452271766
2346,0.6329314835888358
2416,0.6780200857234837
2486,0.41862223102514196
2556,0.4564835595710513
2626,0.39582250864621055
2696,0.7566741596542927
2766,
2836,
2906,
2976,
3046,
3116,
3186,
